"ID","Title","Project","State","Month","CreatedDate","BugOrigin","IsProduction"
"1463883","RBAC/Documents - Receiving incorrect responses for users without access","AI ML COE","Done","Apr-26","02-Apr-2026","","0"
"1464607","RBAC/Attachmets - Receiving incorrect responses for both the users with and without access","AI ML COE","Done","Apr-26","03-Apr-2026","","0"
"1469851","RBAC/Doc and Attachments - User is getting proper response for contract level documents even he is not given access to the Doc/Attachment","AI ML COE","Done","Apr-26","16-Apr-2026","","0"
"1474813","Metadata Loss OF Documents During Attachment Ingestion","AI ML COE","New","Apr-26","30-Apr-2026","Product Management","0"
"1478522","Data - Unable to retrieve data from some particular grids or Form Fields","AI ML COE","Dev in progress","May-26","12-May-2026","","0"
"1499535","Doc Search - [Intermittent] Error Connecting to Chat service","AI ML COE","New","Jun-26","26-Jun-2026","Product Engineering","0"
"1499537","Lumina Doc - [Intermittent] Permission Issues for Administrator user.","AI ML COE","Done","Jun-26","26-Jun-2026","Product Engineering","0"
"1499538","Lumina Doc - [Intermittent] Response is getting completed at preliminary findings.","AI ML COE","Cannot Reproduce","Jun-26","26-Jun-2026","Product Engineering","0"
"1523910","Lumina - Wrong title displaying in Lumina doc viewer","AI ML COE","New","Jul-26","27-Jul-2026","","0"
"1525168","Lumina - Wrong way of showing ""High confidence"" when response is not accurately providing the expected response for the queries. with or without meta data","AI ML COE","Done","Jul-26","30-Jul-2026","","0"
"1531540","Agent Builder - 5th Compilation step is getting succeeded even without mandatory fields.","AI ML COE","Dev Completed","Aug-26","12-Aug-2026","","0"
"1533079","Agent Builder - Published agent category is missing and tool implementation tag is not displayed.","AI ML COE","New","Aug-26","18-Aug-2026","","0"
"1533081","Agent Builder - No change in on demand runs Toggle when the configuration is not done","AI ML COE","Done","Aug-26","18-Aug-2026","","0"
"1533141","Agent Builder - Total number of runs and last run time stamp is missing and List view preference is not getting persisted","AI ML COE","New","Aug-26","18-Aug-2026","","0"
"1533144","Agent Builder - Data alignment is not proper in Review and Publish tab","AI ML COE","Done","Aug-26","18-Aug-2026","","0"
"1536722","Agent Builder - Navigation issue from Masterworks 'Home' page","AI ML COE","New","Aug-26","25-Aug-2026","","0"
"1537598","Agent Builder - Clicking ""Back to Agent Builder"" link discards unsaved wizard data without a confirmation prompt","AI ML COE","Done","Aug-26","27-Aug-2026","","0"
"1469918","Extra non-CSDL attributes exposed in JSON metadata response","API_Integrations","Done","Apr-26","16-Apr-2026","","0"
"1470783","Metadata JSON response for PurchaseOrder form missing some fields which are present on XML","API_Integrations","Done","Apr-26","21-Apr-2026","","0"
"1471020","Incorrect maxLength returned as 0 for string field instead of deriving value from DB type","API_Integrations","Done","Apr-26","21-Apr-2026","","0"
"1471360","Button control is included in metadata JSON response as a field","API_Integrations","Done","Apr-26","22-Apr-2026","","0"
"1473598","Issues identified in RFI form odata response","API_Integrations","Done","Apr-26","28-Apr-2026","","0"
"1474810","Bid Estimate and Contract records are not getting auto created upon creating New Planned Project and also unable to create new contract","API_Integrations","Done","Apr-26","30-Apr-2026","Product Engineering","0"
"1474831","Workflow Actions is not coming in any of the child Form of the Project","API_Integrations","Done","Apr-26","30-Apr-2026","Product Engineering","0"
"1474908","Bid Estimate: MaxLength and @Core.LongDescription is missing in the few controls","API_Integrations","Done","Apr-26","30-Apr-2026","Product Engineering","0"
"1475177","Project Phases: 1.Allowing user to save Phase End Date greater than Project End Date for the first time 2.Unable to Save the Phases even after deleting a phase with Phase End Date greater than Project End Date","API_Integrations","Done","May-26","04-May-2026","Product Engineering","0"
"1475211","Schedule: 'Phase End Date' for each phase is showing same date [Project Start Date] for all the phases in 'Finish' column","API_Integrations","Done","May-26","04-May-2026","Product Engineering","0"
"1475243","Project Phases: 'Status' column data is not reordering properly on reordering the Phase","API_Integrations","Done","May-26","04-May-2026","Product Engineering","0"
"1475414","Contracts>>Contractors: Getting error message, on selecting Prime Contractor and Clicking on Save","API_Integrations","Done","May-26","04-May-2026","Product Engineering","0"
"1475730","Invalid error message 'Object reference not set to an instance of an object.' is displayed, when PDF is uploaded for Excel Import","API_Integrations","New","May-26","05-May-2026","Product Engineering","0"
"1475932","Project Calendar: Unable to Edit calendar, getting error message on Save for '5Days+1Exception Workday' calendar","API_Integrations","Done","May-26","05-May-2026","Product Engineering","0"
"1476212","Dropdown option values are not present in metadata response","API_Integrations","Done","May-26","06-May-2026","","0"
"1476216","Issues identified in expense form","API_Integrations","Done","May-26","06-May-2026","","0"
"1476405","Unable to add Item in Master Contract > Price List","API_Integrations","Done","May-26","06-May-2026","Product Engineering","0"
"1476412","If Validations=""Required"",AllowNull=""true"" on xml then ""$Nullable""coming as true on oData response for Purchase Order form","API_Integrations","Done","May-26","06-May-2026","","0"
"1476569","The API is failing for OData filter query using the mod operator","API_Integrations","Done","May-26","06-May-2026","","0"
"1476571","API returns 500 Internal Server Error for invalid non-numeric ID instead of proper validation error (400/404)","API_Integrations","Done","May-26","06-May-2026","","0"
"1476821","Bid Estimate Information: Engineer's Estimate Report: Grand Total value in the report is not matching with 'Total Amount($)' in 'Bid Items'","API_Integrations","New","May-26","07-May-2026","Product Engineering","0"
"1477336","$Collection property is missing in Entity Container entity set definitions","API_Integrations","Done","May-26","08-May-2026","","0"
"1477453","Validation pattern is missing for LIBCONT.ID field in OData metadata response","API_Integrations","Done","May-26","08-May-2026","","0"
"1478000","Bid Estimates: User is able to create and Issue Addendum even after Bid Opening Date has passed","API_Integrations","New","May-26","11-May-2026","Product Engineering","0"
"1478070","Schedule: On Importing excel with Duration as '0' for all the Tasks, '1' is getting updated in Duration for all the tasks after Import","API_Integrations","New","May-26","11-May-2026","Product Engineering","0"
"1478200","Unable to perform Workflow Actions in any of the form across application","API_Integrations","Done","May-26","11-May-2026","Product Engineering","0"
"1478605","EXPSFRM metadata response has missing navigation bindings, missing Employee navigation property, and AutoIncrement field not marked as computed","API_Integrations","Done","May-26","12-May-2026","","0"
"1479216","UrlRef is missing for DefaultFiscalYearID and ProgramYear fields in project metadata response","API_Integrations","Done","May-26","13-May-2026","","0"
"1479955","Bid Awarded Contractor is not getting selected as 'Prime Contractor' in Contractors on importing awarded bid in Contract Details","API_Integrations","New","May-26","14-May-2026","Product Engineering","0"
"1480014","Materials On Hand: 'Not Found' error displayed even though items exists, on clicking 'Add' button in 'Contract Items' grid","API_Integrations","New","May-26","14-May-2026","Product Engineering","0"
"1480033","RFINFRM Contract lookup $UrlRef returns empty values instead of contract dropdown data","API_Integrations","Done","May-26","14-May-2026","","0"
"1480764","For CONTMGT form,  for odata/Lookups/CONTMGT/CalendarID getting empty array","API_Integrations","New","May-26","18-May-2026","","0"
"1480934","Issues in lookup url - LIBCONT","API_Integrations","Done","May-26","19-May-2026","","0"
"1481259","Issue Log: Unable to Submit the record in New stage","API_Integrations","New","May-26","20-May-2026","Product Engineering","0"
"1481396","Schedule: Getting Server Error on adding 'Resource Title(s)' in any task","API_Integrations","New","May-26","20-May-2026","Product Engineering","0"
"1481437","Expand query fails for EXPSFRM POItems navigation property","API_Integrations","Done","May-26","20-May-2026","","0"
"1482404","Documents folder structure selected in Project Details is not displayed under Documents in left navigation","API_Integrations","Done","May-26","22-May-2026","Product Engineering","0"
"1488865","user is able to create record with the values that do not match the configured validation pattern","API_Integrations","Done","Jun-26","04-Jun-2026","","0"
"1489468","POST: Purchase Order: Issues observed during PBI demo","API_Integrations","Done","Jun-26","05-Jun-2026","Product Engineering","0"
"1490023","Getting 500,501,404 status code for LookUp APIs for some forms","API_Integrations","Done","Jun-26","08-Jun-2026","Product Engineering","0"
"1491730","GET: Project: ""ModuleName"" is showing blank in ""ProjectModules""","API_Integrations","New","Jun-26","11-Jun-2026","Product Engineering","0"
"1492244","POST: GFL: Validation missing when trying to update Total and remaining amount in GFL","API_Integrations","New","Jun-26","12-Jun-2026","","0"
"1494322","POST: Purchase Order: PID is auto updating to 0, when not included in the body while updating the created PO","API_Integrations","Dev in progress","Jun-26","16-Jun-2026","Product Engineering","0"
"1494325","PATCH: Project Fund List Issues","API_Integrations","Dev Completed","Jun-26","16-Jun-2026","Product Engineering","0"
"1494413","POST: Purchase Order: Able to update all the fields when WF state of record is in Commit state","API_Integrations","Done","Jun-26","16-Jun-2026","Product Engineering","0"
"1497305","Incorrect Form Key present in response of POST/GET Api","API_Integrations","New","Jun-26","22-Jun-2026","Product Engineering","0"
"1497453","Incorrect Error Message for incorrect DATE Format","API_Integrations","Blocked","Jun-26","22-Jun-2026","Product Engineering","0"
"1497805","API returns 200 OK for invalid large pageNumber/pageSize values instead of validation error","API_Integrations","Approved","Jun-26","23-Jun-2026","","0"
"1498219","ProjectId Computed Field Passed in POST Request Body Returns 201 Instead of Expected 400 for PROJECT Entity","API_Integrations","Done","Jun-26","24-Jun-2026","Product Engineering","0"
"1498228","POST Request with Duplicate AUR_RecordId Returns 400 UNKNOWN_ERROR with Misleading ""ProjectCode is read-only"" Message Instead of 409 Conflict for PROJECT Entity","API_Integrations","New","Jun-26","24-Jun-2026","Product Engineering","0"
"1498735","Getting incorrect error message on passing invalid AUR_RecordId","API_Integrations","Approved","Jun-26","25-Jun-2026","","0"
"1498787","Incorrect Validations for Start Date and End Date across forms  (CONTMGT, PURCORD)","API_Integrations","Done","Jun-26","25-Jun-2026","Product Engineering","0"
"1499923","[LIBCONT] Validation Edge Cases for Form Vendors","API_Integrations","New","Jun-26","26-Jun-2026","Product Engineering","0"
"1503425","[VENDORS]OData Lookup for Subcategory Returns All Values Without Category Context, Allowing Invalid Subcategory Selection","API_Integrations","New","Jun-26","29-Jun-2026","Product Engineering","0"
"1505957","POST: BDGREV API returns 404 ""Entity metadata not found"" when BudgetRevisionType is passed as null","API_Integrations","Cannot Reproduce","Jun-26","30-Jun-2026","Product Engineering","0"
"1508308","PATCH for PROJECT not working for Integration when DocumentTemplateID & DocMetadataID are not provided","API_Integrations","Done","Jul-26","01-Jul-2026","Product Engineering","0"
"1510778","PROJECT Form: Grid Update is not persisting","API_Integrations","New","Jul-26","03-Jul-2026","Product Engineering","0"
"1511160","POST: CONTMGT API returns incorrect start date validation error for valid contract dates","API_Integrations","Done","Jul-26","06-Jul-2026","Product Engineering","0"
"1512966","[PURCORD]POST with  Only Required Fields is throwing error","API_Integrations","Done","Jul-26","09-Jul-2026","Product Engineering","0"
"1513610","PATCH not working for Change Order (CHNGORD) form","API_Integrations","Done","Jul-26","10-Jul-2026","Product Engineering","0"
"1513611","POST for Change Order returns error if optional field ""Days"" not provided on payload","API_Integrations","New","Jul-26","11-Jul-2026","Product Engineering","0"
"1524795","odata nextlink is not working","API_Integrations","Approved","Jul-26","29-Jul-2026","Product Engineering","0"
"1524848","$skip is ignored when skip value exceeds total item count — all items returned instead of empty set","API_Integrations","Approved","Jul-26","29-Jul-2026","Product Engineering","0"
"1524856","$orderby does not sort container-assigned items — they are always appended after root-level items regardless of sort value","API_Integrations","Approved","Jul-26","29-Jul-2026","Product Engineering","0"
"1525504","Filtering doesn't work correctly with pagination — some pages show fewer items than expected, and page count is wrong","API_Integrations","New","Jul-26","31-Jul-2026","Product Engineering","0"
"1526876","List view shows incorrect Amount for lumpsum items","API_Integrations","New","Aug-26","03-Aug-2026","Product Engineering","0"
"1532421","$orderby parameter has no effect on Contract Items (CONTMGT) list — sorting is silently ignored","API_Integrations","New","Aug-26","13-Aug-2026","Product Engineering","0"
"1532424","Summary totals don't update when items are filtered out","API_Integrations","New","Aug-26","13-Aug-2026","Product Engineering","0"
"1532425","Containers list still shows containers even when no items are returned","API_Integrations","New","Aug-26","13-Aug-2026","Product Engineering","0"
"1533615","ContainerPath is always coming empty in response for POST for Containers for Budget Estimate Revision list","API_Integrations","New","Aug-26","19-Aug-2026","Product Engineering","0"
"1535406","Sorting not working for descending sort when top,skip & orderBy desc applied together for BER Items GET","API_Integrations","New","Aug-26","21-Aug-2026","Product Engineering","0"
"1536981","GetFolderStructure API returns generic 404 routing error instead of proper 400 validation error for missing/invalid query parameter","API_Integrations","Approved","Aug-26","26-Aug-2026","Product Engineering","0"
"1537550","ListPath is coming blank for GetFolderStructure for Project for root Document FolderID","API_Integrations","New","Aug-26","27-Aug-2026","Product Engineering","0"
"1538564","IsComplete returns null for a task marked complete","API_Integrations","New","Aug-26","31-Aug-2026","Product Engineering","0"
"1464588","Unable to Access Documents Page After Project Creation + Typo in Access Denied Message","Aurigo Essentials 2.0","Done","Apr-26","03-Apr-2026","","0"
"1466705","High Severity Vulnerable Library in Essentials 2.0 - automapper.12.0.1.nupkg","Aurigo Essentials 2.0","New","Apr-26","08-Apr-2026","","0"
"1466713","Critical Severity Vulnerable Library in Essentials 2.0 - jspdf-4.2.0.tgz","Aurigo Essentials 2.0","Dev Completed","Apr-26","08-Apr-2026","","0"
"1466717","Medium Severity Vulnerable Library in Essentials 2.0 - serialize-javascript-6.0.2.tgz","Aurigo Essentials 2.0","New","Apr-26","08-Apr-2026","","0"
"1472285","Start Date and End Date returned as default minimum date instead of null for contracts without date values","Aurigo Essentials 2.0","Done","Apr-26","24-Apr-2026","","0"
"1476800","opentelemetry.exporter.jaeger.1.5.1.nupkg - Essentials 2.0","Aurigo Essentials 2.0","New","May-26","07-May-2026","Security","0"
"1476895","fast-uri-3.1.0.tgz","Aurigo Essentials 2.0","New","May-26","07-May-2026","Security","0"
"1476897","uuid-11.1.0.tgz","Aurigo Essentials 2.0","New","May-26","07-May-2026","","0"
"1476899","postcss-8.5.9.tgz","Aurigo Essentials 2.0","New","May-26","07-May-2026","Security","0"
"1476902","dompurify-3.3.3.tgz","Aurigo Essentials 2.0","New","May-26","07-May-2026","Security","0"
"1476906","axios-1.14.0.tgz and follow-redirects-1.15.11.tgz","Aurigo Essentials 2.0","New","May-26","07-May-2026","Security","0"
"1476912","serialize-javascript-6.0.2.tgz","Aurigo Essentials 2.0","New","May-26","07-May-2026","Security","0"
"1476913","once-1.1.2.tgz","Aurigo Essentials 2.0","New","May-26","07-May-2026","Security","0"
"1477014","Approve button remains enabled when validation errors are present in draft Amendment edit mode after contract unlock/relock","Aurigo Essentials 2.0","Done","May-26","07-May-2026","","0"
"1481774","User cannot log in, after setting password through Forgot Password flow for expired activation link","Aurigo Essentials 2.0","New","May-26","21-May-2026","Product Engineering","0"
"1483704","DELETE Project API returns empty response for invalid projectId values","Aurigo Essentials 2.0","Done","May-26","27-May-2026","","0"
"1513268","Project/Contract Team and User Management Groups – Role styling, column-header, tooltip, delete-confirmation, and dropdown-placeholder inconsistencies","Aurigo Essentials 2.0","Done","Jul-26","10-Jul-2026","Product Engineering","0"
"1513271","User Management – Group details disappear after deletion fails for an associated group","Aurigo Essentials 2.0","Done","Jul-26","10-Jul-2026","Product Engineering","0"
"1522679","Essentials Build : Newly created user with password set is unable to log in","Aurigo Essentials 2.0","New","Jul-26","23-Jul-2026","","0"
"1522699","Forgot Password page > On entering SSO user ID shows inconsistent icon/color styling in the error message and intermittent 'invalid' message""","Aurigo Essentials 2.0","New","Jul-26","23-Jul-2026","","0"
"1522729","Login Page : SSO username without password shows ""Password is required"" instead of showing ""Continue with SSO"" on clicking sign-in button","Aurigo Essentials 2.0","New","Jul-26","23-Jul-2026","","0"
"1533088","User Profile > Change Password field issues","Aurigo Essentials 2.0","New","Aug-26","18-Aug-2026","","0"
"1533121","Login Page : Remaining login attempt count is not reset after successful login","Aurigo Essentials 2.0","New","Aug-26","18-Aug-2026","","0"
"1536627","High Severity Vulnerable Library in Essentials 2.0 - microsoft.aspnetcore.odata.8.2.5.nupkg","Aurigo Essentials 2.0","New","Aug-26","25-Aug-2026","","0"
"1536630","Medium Severity Vulnerable Library in Essentials 2.0 - anglesharp.0.17.1.nupkg","Aurigo Essentials 2.0","New","Aug-26","25-Aug-2026","","0"
"1537388","[E2E] Slide-out panel (Contract / Invoice) does not auto-close after adding a valid value once a ceiling/remaining-amount validation error has occurred","Aurigo Essentials 2.0","Dev Completed","Aug-26","27-Aug-2026","Automation","0"
"1537394","[Smoke] Default system Business Process Workflows (Punchlist, RFI, Submittal) are not provisioned for newly created tenants","Aurigo Essentials 2.0","Done","Aug-26","27-Aug-2026","Automation","0"
"1537398","[Config] Config-validation tenant login blocked with ""plan has expired"" — blocking new tenant default-data validation","Aurigo Essentials 2.0","Done","Aug-26","27-Aug-2026","Automation","0"
"1538120","New prod tenants provisioned with empty default data — Projects, Contracts, and Library data missing","Aurigo Essentials 2.0","Done","Aug-26","28-Aug-2026","Automation","0"
"1466533","Calendar icons are misaligned in edit Schedule page","Aurigo MW Modernization","Done","Apr-26","08-Apr-2026","Product Management","0"
"1468048","Fund Source Name Inline Edit UI is Distorted","Aurigo MW Modernization","Done","Apr-26","13-Apr-2026","Product Engineering","0"
"1470287","UI Misalignment Issue in Pay Item No. Picker Box","Aurigo MW Modernization","Done","Apr-26","20-Apr-2026","Product Engineering","0"
"1474841","Quick Add Functionality Issues","Aurigo MW Modernization","Done","Apr-26","30-Apr-2026","Product Engineering","0"
"1474869","Getting a Data Base Error when the Budget Estimate is saved","Aurigo MW Modernization","Done","Apr-26","30-Apr-2026","Product Engineering","0"
"1475358","Unable to save the Funding Rule [Getting an Error] even after adding fund distribution","Aurigo MW Modernization","Dev in progress","May-26","04-May-2026","Product Engineering","0"
"1475684","Expense: User is able to Approve Expenses (Direct and Miscellaneous) without associating the Fund Rule","Aurigo MW Modernization","Done","May-26","05-May-2026","Product Engineering","0"
"1476002","RFI/Issue Log/Risk Register/Location: Contract ID is displayed instead of Contract Name in Details Report","Aurigo MW Modernization","New","May-26","05-May-2026","Product Engineering","0"
"1476007","Planned Project: Administrator/Admin user is getting permission error on trying to create Copy of existing project","Aurigo MW Modernization","Done","May-26","05-May-2026","Product Engineering","0"
"1477983","Bid Items: 'Unit Price in $' column is not displayed and few extra columns are displayed in 'Flat List' view","Aurigo MW Modernization","New","May-26","11-May-2026","Product Engineering","0"
"1478102","Budget Estimates: Getting permission error and user is navigated to Home page, on clicking 'Save & Estimate' in details page","Aurigo MW Modernization","Done","May-26","11-May-2026","Product Engineering","0"
"1478114","Extra/Unwanted field-'Project Template' dropdown without any value is displayed in Project Details page","Aurigo MW Modernization","Done","May-26","11-May-2026","Product Engineering","0"
"1479197","[Legacy] Form Builder: In the list box, only the first option is shown while other options are hidden","Aurigo MW Modernization","Done","May-26","13-May-2026","","0"
"1479859","BER: Approved BE Items are not displayed in BER Items page","Aurigo MW Modernization","Done","May-26","14-May-2026","Product Engineering","0"
"1479872","BER: Unable to move the workflow even though Latest Forecast exists with 'Remaining Amount in $' as '0' for all the items in forecast and also unable to Mark newly created forecast as Latest","Aurigo MW Modernization","Done","May-26","14-May-2026","Product Engineering","0"
"1480767","Grid Picker Popup Overflows When Columns Contain Large Data, Hiding Action Button","Aurigo MW Modernization","Done","May-26","18-May-2026","","0"
"1480959","Client Dynamic Grid Shows Empty Space After Hiding Action Buttons in Edit Mode","Aurigo MW Modernization","Done","May-26","19-May-2026","","0"
"1480976","Top and Side Panes Disappear Randomly on Dashboard/Grid Screen","Aurigo MW Modernization","Done","May-26","19-May-2026","","0"
"1480977","Scrollbar Stops Working After Top and Side Panes Disappear","Aurigo MW Modernization","Done","May-26","19-May-2026","","0"
"1480978","Read-Only TextArea Control Misalignment in Edit Mode","Aurigo MW Modernization","Done","May-26","19-May-2026","","0"
"1481800","Contracts: 'No records to display' is displayed in list page even though records exists","Aurigo MW Modernization","Done","May-26","21-May-2026","Product Engineering","0"
"1482381","'Creator' is displayed instead of 'Owner' column in Planned Projects/Projects list page","Aurigo MW Modernization","Done","May-26","22-May-2026","Product Engineering","0"
"1482417","Projects API returns all records instead of only project-specific data","Aurigo MW Modernization","Done","May-26","22-May-2026","Product Engineering","0"
"1483059","UI Issues in Item List Page","Aurigo MW Modernization","Done","May-26","25-May-2026","","0"
"1483306","On trying to Publish InActive Project, getting server error and after page refresh Planned Projects list page is broken, projects are not displaying","Aurigo MW Modernization","Done","May-26","26-May-2026","Product Engineering","0"
"1483562","On selecting a Project in 'Projects' module and clicking on 'Related Programs' shows No Data","Aurigo MW Modernization","Done","May-26","26-May-2026","Product Engineering","0"
"1484115","GetAllRecords API returns 500 Internal Server Error for ModuleId 'CHKCHEC' because valid pid and parentid values are not available","Aurigo MW Modernization","Done","May-26","28-May-2026","Product Engineering","0"
"1484184","POST: Budget Estimates: On passing blank 'ForecastName', error message is not displayed in the response eventhough its required field","Aurigo MW Modernization","Done","May-26","28-May-2026","Product Engineering","0"
"1484193","POST: Budget Estimates: On passing invalid value/Id for mandatory dropdown field, record is getting created without value in the dropdown","Aurigo MW Modernization","Done","May-26","28-May-2026","Product Engineering","0"
"1486752","POST: Budget Estimates - On passing valid Budget Template ID and Budget Template Name, getting 'Cannot save the data. Invalid data' error in response","Aurigo MW Modernization","Done","Jun-26","01-Jun-2026","Product Engineering","0"
"1486874","Budget Estimate: On creating new record from POST API, 'Budget Created On' date is showing a day less in 'GET List API' response","Aurigo MW Modernization","Done","Jun-26","01-Jun-2026","Product Engineering","0"
"1487027","API Validation and Sorting Issues: Invalid Parent Instance ID, Unsupported Sort Fields, Pagination Parameters, and Sorting Behavior","Aurigo MW Modernization","Done","Jun-26","02-Jun-2026","","0"
"1487335","Unable to create the Fund Transaction","Aurigo MW Modernization","Done","Jun-26","02-Jun-2026","Product Engineering","0"
"1487660","POST: CONTRACT: On passing valid data, error message is displayed in response but record is getting created and Workflow Status is displayed as '-N.A.-', even though ""isWorkflowAssociated"" is selected as ""True""","Aurigo MW Modernization","Done","Jun-26","02-Jun-2026","Product Engineering","0"
"1488176","POST: Project: Unable to create new project getting ""Cannot save the data. CreateDate is read-only and cannot be modified."" error in response even though blank value for 'CreateDate' is passed","Aurigo MW Modernization","Done","Jun-26","03-Jun-2026","Product Engineering","0"
"1488198","API Returns Data Without Authentication","Aurigo MW Modernization","Done","Jun-26","03-Jun-2026","","0"
"1488602","POST: Project: Newly created Project is by default InActive, if we dont pass any value in ""IsActive""","Aurigo MW Modernization","Done","Jun-26","04-Jun-2026","Product Engineering","0"
"1488628","POST:Project: Unable to create Project without 'StatusId', ""ProjectTypeID"" , 'ExpenditureCurve', 'TemplateId', 'ProgramYear', 'ProjectValue' attributes and its value in the Request Body, even though they are not mandatory fields","Aurigo MW Modernization","Done","Jun-26","04-Jun-2026","Product Engineering","0"
"1488746","POST: Project: On passing 'EndDate' less than 'StartDate', validation is missing and record is getting created with Current Date as End Date in UI","Aurigo MW Modernization","Done","Jun-26","04-Jun-2026","Product Engineering","0"
"1488765","API returns 201/200 for invalid data type","Aurigo MW Modernization","Done","Jun-26","04-Jun-2026","","0"
"1488771","POST: Project: On passing invalid 'DocumentTemplateID', getting database error in response","Aurigo MW Modernization","Done","Jun-26","04-Jun-2026","Product Engineering","0"
"1488793","API allows Item creation for Published B.E. despite UI restrictions","Aurigo MW Modernization","Done","Jun-26","04-Jun-2026","","0"
"1488807","POST: Project: On passing 'Percentage' as 50 for StrategicObjectives, validation is missing and record is getting created and in UI Objective is not added in grid","Aurigo MW Modernization","Done","Jun-26","04-Jun-2026","Product Engineering","0"
"1488987","incorrect validation message displayed when an invalid PID is passed","Aurigo MW Modernization","Done","Jun-26","04-Jun-2026","","0"
"1489053","POST:Project: User is able to update 'ProjectCode' and 'BusinessUnit' which are read-only fields after Project creation","Aurigo MW Modernization","Done","Jun-26","04-Jun-2026","Product Engineering","0"
"1489081","API allows Item creation with invalid date formats, inconsistent date ranges, and random date values","Aurigo MW Modernization","Done","Jun-26","04-Jun-2026","","0"
"1489164","API allows updates to non-editable fields","Aurigo MW Modernization","Done","Jun-26","05-Jun-2026","","0"
"1489234","POST: Budget Estimates: Unable to create new record, getting ""Cannot save the data. BudgetEstimateID is read-only and cannot be modified."", even though not passing the Attribute in Request","Aurigo MW Modernization","Done","Jun-26","05-Jun-2026","Product Engineering","0"
"1489273","Unable to upload document in Attachments grid in Project Details page","Aurigo MW Modernization","Done","Jun-26","05-Jun-2026","Product Engineering","0"
"1489336","POST: Budget Estimate Revision: Unable to create new record, getting database error in the response","Aurigo MW Modernization","Done","Jun-26","05-Jun-2026","Product Engineering","0"
"1489585","Hide Container and Hide control not working","Aurigo MW Modernization","Done","Jun-26","05-Jun-2026","Product Engineering","0"
"1489586","Form Render misalignment","Aurigo MW Modernization","Done","Jun-26","05-Jun-2026","Product Engineering","0"
"1489657","Published Budget Estimate Allows Editing of Quantity and Unit Price but Amount Remains Zero","Aurigo MW Modernization","Done","Jun-26","06-Jun-2026","","0"
"1489658","Form throwing error when xml form have columnGroups","Aurigo MW Modernization","Done","Jun-26","06-Jun-2026","","0"
"1489659","Published Budget Estimate Container Can Be Created and Edited","Aurigo MW Modernization","Done","Jun-26","06-Jun-2026","","0"
"1489660","Unable to Create Container Without Entering Non-Mandatory Fields","Aurigo MW Modernization","Done","Jun-26","06-Jun-2026","","0"
"1489665","Unable to Detach an Independently Created Container After Associating It with Another Container","Aurigo MW Modernization","Done","Jun-26","06-Jun-2026","","0"
"1489666","Sub-Items Can Be Added and Edited When Unit Type is Set to ""Lumpsum"" for Item","Aurigo MW Modernization","Done","Jun-26","06-Jun-2026","","0"
"1489796","Description field is not mandatory when creating a Sub Item in the UI","Aurigo MW Modernization","Done","Jun-26","08-Jun-2026","","0"
"1489810","Sub Item allows modification Unit Price","Aurigo MW Modernization","Done","Jun-26","08-Jun-2026","","0"
"1489818","API returns 200 OK when Quantity is passed as text","Aurigo MW Modernization","Done","Jun-26","08-Jun-2026","","0"
"1489840","BER: Unable to open the record created using POST API, getting server error in UI","Aurigo MW Modernization","Done","Jun-26","08-Jun-2026","Product Engineering","0"
"1489855","POST: BER: Able to create new record in Planned Project which dont have Approved Budget Estimate","Aurigo MW Modernization","Done","Jun-26","08-Jun-2026","Product Engineering","0"
"1490003","[Generic] ASPX Form Configurator: UI issues observed for few forms which is in ASPX form configurator page","Aurigo MW Modernization","Cannot Reproduce","Jun-26","08-Jun-2026","Product Engineering","0"
"1490085","POST: Project: Validation missing on passing blank/null in 'DefaultFiscalYearID', in Edit mode its clearing the existing value & updating the record to blank instead of showing error message","Aurigo MW Modernization","Done","Jun-26","08-Jun-2026","Product Engineering","0"
"1490089","Container is created with invalid parent id","Aurigo MW Modernization","Done","Jun-26","08-Jun-2026","","0"
"1490306","POST: BER: Unable to update/modify existing record data getting ""The given key was not present in the dictionary."" error in response","Aurigo MW Modernization","Done","Jun-26","08-Jun-2026","Product Engineering","0"
"1490431","Unable to highlight a user input field using xml highlight control","Aurigo MW Modernization","Done","Jun-26","09-Jun-2026","","0"
"1490454","ADA violations - Engage","Aurigo MW Modernization","Done","Jun-26","09-Jun-2026","","0"
"1490800","GET: BER: ""BudgetEstimateID"" and ""BudgetEstimateName"" values are not fetched in response","Aurigo MW Modernization","Done","Jun-26","09-Jun-2026","Product Engineering","0"
"1491173","Amount is not getting updated in both post and patch operation","Aurigo MW Modernization","Done","Jun-26","10-Jun-2026","","0"
"1491208","POST: Project: Update of Strategic Goal is not happening as expected, getting error on passing valid value","Aurigo MW Modernization","Done","Jun-26","10-Jun-2026","Product Engineering","0"
"1491214","Workflow microservice API: The Publishing record and deleting record is not reflecting UI","Aurigo MW Modernization","New","Jun-26","10-Jun-2026","Automation","0"
"1491217","Notification: Notification Slider Closes when clicked enter in search bar","Aurigo MW Modernization","Done","Jun-26","10-Jun-2026","Product Engineering","0"
"1491235","Workflow Microservice API: Duplicate Delete Requests Show Incorrect Deleted Count","Aurigo MW Modernization","New","Jun-26","10-Jun-2026","Automation","0"
"1491241","POST: Invalid error response on passing blank Request Body","Aurigo MW Modernization","Done","Jun-26","10-Jun-2026","Product Engineering","0"
"1491265","Project Phase Containers Can Be Assigned as Children of Any Container","Aurigo MW Modernization","Approved","Jun-26","10-Jun-2026","","0"
"1491271","POST: Project: 'Calendar Days' value in DB shows '0' whereas in UI shows actual value","Aurigo MW Modernization","Done","Jun-26","10-Jun-2026","Product Engineering","0"
"1491303","POST:Project: Project Score [TotalScore] value is saved as 'null' in DB, whereas default value is '0.0000'","Aurigo MW Modernization","Done","Jun-26","10-Jun-2026","Product Engineering","0"
"1491726","POST: Project: on passing 'False' for some of the 'ModuleId' in 'ProjectModules', all the modules marked as False are displayed in UI","Aurigo MW Modernization","Done","Jun-26","11-Jun-2026","Product Engineering","0"
"1491793","Group id issue while updating the existing BER Item","Aurigo MW Modernization","Done","Jun-26","11-Jun-2026","","0"
"1492026","POST: Budget Estimates: Able to update ""BdgTemplateid"" and ""MeasurementSystem"" after creation of BE record","Aurigo MW Modernization","Done","Jun-26","11-Jun-2026","Product Engineering","0"
"1492031","POST: Budget Estimates: Items associated with selected ""BdgTemplateid"" is not displayed in Items list page","Aurigo MW Modernization","Done","Jun-26","11-Jun-2026","Product Engineering","0"
"1492073","Workflow microservice API: Deleting a record via MasterWorks UI removes the MW DB row but the workflow instance is NOT removed from the microservice Postgres DB","Aurigo MW Modernization","New","Jun-26","12-Jun-2026","Automation","0"
"1492302","POST: BER: on not passing 'MeasurementSystem' attribute in request, for newly created record 'MeasurementSystem' shows blank in UI and '0' in DB but its read only field which fetch value from Approved BE and should not be modified","Aurigo MW Modernization","Done","Jun-26","12-Jun-2026","Product Engineering","0"
"1492409","POST: BER: Server error in UI on clicking 'Forecast' in record created using API","Aurigo MW Modernization","Done","Jun-26","12-Jun-2026","Product Engineering","0"
"1492529","Workflow microservice API: MoveToWorkflowStage returns HTTP 200 IsSuccess=true but stage transition is NOT reflected in either database (MasterWorks DB or Workflow microservice DB)","Aurigo MW Modernization","New","Jun-26","13-Jun-2026","Automation","0"
"1492567","POST: PROJECT: On passing invalid/random 'ProjectId' while creating new project, shows project created with Id instead of showing error, and project is not saved in DB","Aurigo MW Modernization","Done","Jun-26","15-Jun-2026","Product Engineering","0"
"1492675","POST: Budget Estimate: On passing 'BdgTemplateid' and different 'MeasurementSystem' which is not associated with the 'BdgTemplateid', record is getting created with passed value","Aurigo MW Modernization","Done","Jun-26","15-Jun-2026","Product Engineering","0"
"1492724","On creating Project from API, Contract is not getting auto created","Aurigo MW Modernization","Done","Jun-26","15-Jun-2026","Product Engineering","0"
"1492784","PUT /api/v{version}/Organization/TenantPlan/{organizationTenantPlanMappingId}  returns 500 — ""Feature mapping to Organization is failed to updated"" despite valid IDs","Aurigo MW Modernization","New","Jun-26","15-Jun-2026","Automation","0"
"1492923","POST:Contract: Able to update/modify ""CreatedOn"" date which is read-only field","Aurigo MW Modernization","Done","Jun-26","15-Jun-2026","Product Engineering","0"
"1492978","POST: Contract: Getting DB error, on trying to update 'MeasSysID', after Contract Items are added","Aurigo MW Modernization","Done","Jun-26","15-Jun-2026","Product Engineering","0"
"1493066","POST: CONTRACT: Getting DB error on trying to create new record","Aurigo MW Modernization","Done","Jun-26","15-Jun-2026","Product Engineering","0"
"1493318","Newly Added Records Are Not Highlighted in Green After Edit","Aurigo MW Modernization","Done","Jun-26","16-Jun-2026","","0"
"1493320","Item Exists in List but API Returns 404 Not Found","Aurigo MW Modernization","Done","Jun-26","16-Jun-2026","","0"
"1493321","Inconsistent Behavior Between UI and API for Create/Edit Permissions","Aurigo MW Modernization","Done","Jun-26","16-Jun-2026","","0"
"1493324","Validation issue","Aurigo MW Modernization","Done","Jun-26","16-Jun-2026","","0"
"1493325","API Allows Parent Container ID to Be Updated with Its Own Container ID, Causing Item to Disappear from List","Aurigo MW Modernization","Done","Jun-26","16-Jun-2026","","0"
"1493356","Session timeout popup UI is broken","Aurigo MW Modernization","Done","Jun-26","16-Jun-2026","","0"
"1493391","POST:Change Order: Getting DB error on not passing 'PriorityID' attribute in request body","Aurigo MW Modernization","Done","Jun-26","16-Jun-2026","Product Engineering","0"
"1493394","After page refresh, page is landing to Enterprise module irrespective of current page","Aurigo MW Modernization","Done","Jun-26","16-Jun-2026","","0"
"1493395","Quantity Update from Item Page Is Restricted After Adding Sub-Items but API Still Returns 200","Aurigo MW Modernization","Done","Jun-26","16-Jun-2026","","0"
"1493676","POST: Change Order: Able to update/modify 'ChangeOrderBy' ,'Description', 'Location','PriorityID' ,'Days' & 'COTDescription' values even though record is in Completed stage","Aurigo MW Modernization","Done","Jun-26","16-Jun-2026","Product Engineering","0"
"1494407","API Returns 200 OK Instead of 401 Unauthorized When Authorization is Missing","Aurigo MW Modernization","New","Jun-26","16-Jun-2026","Automation","0"
"1494465","POST: CONTRACT: On passing 'IsDeleted' as 'Y', getting ""This Contract has been deleted and cannot be modified."" error in the response but record is not deleted in the UI","Aurigo MW Modernization","Done","Jun-26","16-Jun-2026","Product Engineering","0"
"1494596","GET: PROJECT: 'Attachments' data is not fetched in the response","Aurigo MW Modernization","Done","Jun-26","16-Jun-2026","Product Engineering","0"
"1494632","GET:CONTRACT: 'Attachments' data is not fetched in the response","Aurigo MW Modernization","Done","Jun-26","16-Jun-2026","Product Engineering","0"
"1494719","POST:PROJECT:API returns 500 instead of 400 for invalid 'moduleId'","Aurigo MW Modernization","Done","Jun-26","16-Jun-2026","Product Engineering","0"
"1494740","Workflow Microservice API: PublishWorkflow Returns HTTP 500 ""Workflow JSON is not valid"" for Valid WorkflowJSON Payload","Aurigo MW Modernization","New","Jun-26","16-Jun-2026","Automation","0"
"1494924","POST: CONTRACT: Getting DB error, on updating attribute name from ProjectId to ProjectTestID in request body","Aurigo MW Modernization","Done","Jun-26","17-Jun-2026","Product Engineering","0"
"1495738","Container Path Missing from API Response","Aurigo MW Modernization","Approved","Jun-26","17-Jun-2026","","0"
"1495819","POST: Change Order: On passing invalid ContractID (9999) in request body, error message is not proper in response","Aurigo MW Modernization","Done","Jun-26","17-Jun-2026","Product Engineering","0"
"1495828","POST: Change Order: On passing 'ContractID' twice with 2 different values [ 1st-locked & 2nd-unlocked Contract Items], change order record is getting created in Unlocked Contract Items- Contract","Aurigo MW Modernization","Done","Jun-26","17-Jun-2026","Product Engineering","0"
"1495914","Inflation Rate Displays as 0 While Picker Dropdown Shows 100","Aurigo MW Modernization","Done","Jun-26","18-Jun-2026","","0"
"1496512","POST: EXPENSE: Able to associate invalid Budget Item to 'Miscellaneous Expense Pay Items'","Aurigo MW Modernization","Done","Jun-26","18-Jun-2026","Product Engineering","0"
"1496537","POST: EXPENSE: Able to add same item multiple times in ""POItemsForExpenses"", because of which allowing 'Amount in $' in Expenses greater than 'Original PO Value in $' for the item","Aurigo MW Modernization","Done","Jun-26","18-Jun-2026","Product Engineering","0"
"1496593","POST: EXPENSE: When PID is removed from request body for Miscellaneous Expense & passing pid & parentid as '0' in jsonReqParams, record is getting created with PID & ParentId as '0'","Aurigo MW Modernization","Done","Jun-26","18-Jun-2026","Product Engineering","0"
"1496999","On changing Misc Expense with items, created from API to Direct Expense adding new items from UI, in 'GET' details response both Direct and Misc expenses items are displayed","Aurigo MW Modernization","Done","Jun-26","19-Jun-2026","Product Engineering","0"
"1497122","SubItem UnitID and Number Fields Are Not Updating","Aurigo MW Modernization","Done","Jun-26","22-Jun-2026","","0"
"1497132","Edit and Delete Buttons Remain Enabled When Record Is in Completed Stage","Aurigo MW Modernization","Done","Jun-26","22-Jun-2026","","0"
"1497269","Application Fails with Internal Server Error When Cross-Module IDs Are Passed","Aurigo MW Modernization","Done","Jun-26","22-Jun-2026","","0"
"1497383","POST:Project: On updating field to mandatory from Modify Form Business Logic using config+ and not passing the field attribute in request, mandatory field validation is missing","Aurigo MW Modernization","Done","Jun-26","22-Jun-2026","Product Engineering","0"
"1497409","GET:PROJECT: On passing invalid 'moduleid' (PROJECTTest) in query params, getting 500 server error instead of 400 Bad request","Aurigo MW Modernization","Done","Jun-26","22-Jun-2026","Product Engineering","0"
"1497767","POST:BER: Created a record from API, deleted that record from UI. On trying to update using deleted ID, instead of error response its returning ID","Aurigo MW Modernization","Done","Jun-26","23-Jun-2026","Product Engineering","0"
"1497785","Customize Notifications Setting page overlaps Home Page/My Tasks Page","Aurigo MW Modernization","Done","Jun-26","23-Jun-2026","Product Engineering","0"
"1497797","Customize Notification Page disappears when left panel collapsed","Aurigo MW Modernization","New","Jun-26","23-Jun-2026","Product Engineering","0"
"1497833","Getting 500 for specific parent Instance Id","Aurigo MW Modernization","Cannot Reproduce","Jun-26","23-Jun-2026","","0"
"1498217","POST:Project: On passing blank value in 'WebPlatform' for any of the 'ModuleId', overlap issue is observed in left navigation and in DB duplicate 'Moduleid' is getting created","Aurigo MW Modernization","Done","Jun-26","24-Jun-2026","Product Engineering","0"
"1498269","INS Response for Invalid Value or Field","Aurigo MW Modernization","Done","Jun-26","24-Jun-2026","","0"
"1498694","API Automation - Tenant Name Returns null When Valid tenantId is Provided in Feature Creation API","Aurigo MW Modernization","New","Jun-26","25-Jun-2026","Automation","0"
"1498718","POST /PROJECT API Returns 400 UNKNOWN_ERROR (""The given key was not present in the dictionary"") When Creating Project with All Required Fields","Aurigo MW Modernization","Done","Jun-26","25-Jun-2026","Automation","0"
"1499530","UI issue: Radio Button and ListBox not working properly","Aurigo MW Modernization","Done","Jun-26","26-Jun-2026","","0"
"1508172","Unified Notifications - Viewing ARS report via notification pane incorrectly displays secondary ""Dashboards"" toolbar, which persists across navigation","Aurigo MW Modernization","New","Jun-26","30-Jun-2026","Product Management","0"
"1509746","DG AllowFiltering property as TRUE and Picker control","Aurigo MW Modernization","Done","Jul-26","01-Jul-2026","","0"
"1510305","UI is broken in Form Builder import page","Aurigo MW Modernization","Done","Jul-26","02-Jul-2026","","0"
"1510341","[ReleaseSanity] POST:Expenses:Unable to create new record even passing valid 'PurchaseOrderNo' in request body","Aurigo MW Modernization","Done","Jul-26","03-Jul-2026","Product Engineering","0"
"1510494","[Legacy] ""Vendor Management >> Vendors"": Vendor Sub-Category drop down shows blank when the Data Source is filtered based on parent control selection","Aurigo MW Modernization","Dev Completed","Jul-26","03-Jul-2026","Product Engineering","0"
"1510801","Toolbar header and menu overlap","Aurigo MW Modernization","Done","Jul-26","03-Jul-2026","Product Engineering","0"
"1511142","UI issue in document import page","Aurigo MW Modernization","New","Jul-26","06-Jul-2026","","0"
"1511155","POST:Project: 'CreateDate' is not saving properly in DB and on performing 'GET' details fetching different time","Aurigo MW Modernization","Done","Jul-26","06-Jul-2026","Product Engineering","0"
"1513404","PATCH /v1/PROJECT/{id} returns 400 Bad Request - ""ProjectValue is read-only and cannot be modified""","Aurigo MW Modernization","Approved","Jul-26","10-Jul-2026","Product Engineering","0"
"1517660","UI Issues in Program Forecast page","Aurigo MW Modernization","New","Jul-26","15-Jul-2026","","0"
"1520754","POST:Project- On passing multiple decimal point in ""ProjectValue"", getting DB error","Aurigo MW Modernization","New","Jul-26","17-Jul-2026","Product Engineering","0"
"1521336","POST Budget Item API accepts invalid InflationRuleID values instead of validating the input","Aurigo MW Modernization","Approved","Jul-26","20-Jul-2026","Product Engineering","0"
"1521856","POST Budget Item API returns incorrect inflation rate and effective date for the selected Inflation Rule","Aurigo MW Modernization","New","Jul-26","21-Jul-2026","Product Engineering","0"
"1521982","UnitPrice not normalized when switching non-lumpsum to lumpsum via PATCH","Aurigo MW Modernization","New","Jul-26","21-Jul-2026","Product Engineering","0"
"1522363","AnnualInflationRate and InflationEffectiveFrom rejected by API despite being mandatory in UI for Manual inflation rule","Aurigo MW Modernization","Approved","Jul-26","22-Jul-2026","Product Engineering","0"
"1522493","POST: Project: Invalid error message in the response when 'AttributeId' is not passed in the request body for update","Aurigo MW Modernization","Approved","Jul-26","22-Jul-2026","Product Engineering","0"
"1523650","[Legacy] Date Range Picker Breaks When Selecting Year Range","Aurigo MW Modernization","New","Jul-26","27-Jul-2026","Product Engineering","0"
"1523899","POST: Project: On passing single quote (') in 'Owner' value, getting error in the response","Aurigo MW Modernization","Approved","Jul-26","27-Jul-2026","Product Engineering","0"
"1524958","UI Issues After updating BuildScriptMode from Dev to Prod","Aurigo MW Modernization","New","Jul-26","30-Jul-2026","","0"
"1525027","POST:PurchaseOrder- on passing '0' or '-ve' value in 'pid' in 'jsonreqParams', record is getting created without any error","Aurigo MW Modernization","Approved","Jul-26","30-Jul-2026","Product Engineering","0"
"1528044","POST: GetAllRecords: On passing invalid/non existent field name in Filter, getting DB error in the response","Aurigo MW Modernization","New","Aug-26","04-Aug-2026","Product Engineering","0"
"1528045","POST: GetAllRecords: Sort descending is not working as expected, response is getting sorted in ascending order only","Aurigo MW Modernization","Done","Aug-26","04-Aug-2026","Product Engineering","0"
"1529350","PATCH:User Details: Able to update 'expiryDate' less than current date","Aurigo MW Modernization","Done","Aug-26","05-Aug-2026","Product Engineering","0"
"1529369","PATCH:User Details: on passing invalid userId, StatusCode-500 Internal Server Error is displayed instead of StatusCode-400 Bad Request and also incorrect error message is displayed","Aurigo MW Modernization","Done","Aug-26","05-Aug-2026","Product Engineering","0"
"1530206","POST:Vendors: On passing invalid 'City' , 'State', 'FaxNo' and 'EmailId', record is getting created without any error","Aurigo MW Modernization","Approved","Aug-26","10-Aug-2026","Product Engineering","0"
"1531873","$orderby does not sort container-assigned items — they are always appended after root-level items regardless of sort value - Copy","Aurigo MW Modernization","Approved","Aug-26","13-Aug-2026","Product Engineering","0"
"1531878","The user is able to create a POR for PO A using items from PO B.","Aurigo MW Modernization","Done","Aug-26","13-Aug-2026","Product Engineering","0"
"1531908","User is able to update the POR with the duplicate existing PO items","Aurigo MW Modernization","Done","Aug-26","13-Aug-2026","Product Engineering","0"
"1532124","The POR Fields values are not taken from the PO, when POST request is made","Aurigo MW Modernization","QA in Progress","Aug-26","13-Aug-2026","Product Engineering","0"
"1532157","Existing Pay Items Update: User is not able to update the existing PO Items data","Aurigo MW Modernization","Done","Aug-26","13-Aug-2026","Product Engineering","0"
"1532272","GetSSRSSettings API returns 500 instead of 200 for a tenant with SSRS enabled","Aurigo MW Modernization","New","Aug-26","13-Aug-2026","Product Engineering","0"
"1532352","SetDefaultDashboard: parentModuleId validation errors return 500 instead of 400/404","Aurigo MW Modernization","New","Aug-26","13-Aug-2026","Product Engineering","0"
"1532353","SetDefaultDashboard: Guid.Empty dashboardId throws uncaught exception, returns 500 instead of 404","Aurigo MW Modernization","New","Aug-26","13-Aug-2026","Product Engineering","0"
"1532354","SetDefaultDashboard: basic request/field validation failures return 412 Precondition Failed instead of 400 Bad Request","Aurigo MW Modernization","New","Aug-26","13-Aug-2026","Product Engineering","0"
"1532356","Pay Items New: The Budget Items are not getting updated. The update POST request returns a success status, but the updated Budget Item is not reflected in the new pay items grid","Aurigo MW Modernization","Done","Aug-26","13-Aug-2026","Product Engineering","0"
"1532740","Vendor ID and Vendor Name data are cleared when the fields are updated using a POST request","Aurigo MW Modernization","Done","Aug-26","14-Aug-2026","Product Engineering","0"
"1532743","Validation message is not shown, when user tries to add the non-existing vendor id using Post API","Aurigo MW Modernization","Done","Aug-26","14-Aug-2026","Product Engineering","0"
"1532981","Checkbox flickers when clicked in inline edit","Aurigo MW Modernization","New","Aug-26","17-Aug-2026","","0"
"1533158","CreateImportedDashboards: empty array [] returns 412 instead of 400 Bad Request","Aurigo MW Modernization","New","Aug-26","18-Aug-2026","Product Engineering","0"
"1533162","CreateImportedDashboards: null-entry and validation-failure placeholder responses are dropped from the result array","Aurigo MW Modernization","New","Aug-26","18-Aug-2026","Product Engineering","0"
"1533184","Unable to create the POR with revision date which is equal to PO start date","Aurigo MW Modernization","Done","Aug-26","18-Aug-2026","Product Engineering","0"
"1533505","POST:FundRule- when ""ProjectFundID"" is not passed in ""DistributionDetails"", new record is getting created without any error","Aurigo MW Modernization","Done","Aug-26","18-Aug-2026","Product Engineering","0"
"1533797","GET /api/v1/RecentActivity/search requires both parentModuleId and formIdRecordIdMapperJSON to return results","Aurigo MW Modernization","New","Aug-26","19-Aug-2026","Automation","0"
"1533835","PUT /api/v1/RecentActivity/record-identifiers silently returns 200 with empty result when records is omitted/empty, instead of failing validation","Aurigo MW Modernization","New","Aug-26","19-Aug-2026","Automation","0"
"1533916","POST: FUNDRULE: Allowing duplicate records in ""DistributionDetails""","Aurigo MW Modernization","Done","Aug-26","19-Aug-2026","Product Engineering","0"
"1534148","[Browser Specific] [Firefox] UI issues in L1 menu","Aurigo MW Modernization","New","Aug-26","19-Aug-2026","","0"
"1535163","Validation Issues","Aurigo MW Modernization","Done","Aug-26","20-Aug-2026","","0"
"1535346","500 Internal Server Error occurs when creating a new resource via API after deleting an existing resource","Aurigo MW Modernization","Done","Aug-26","21-Aug-2026","","0"
"1535439","Manual Resource Converts to Library Resource on Title ID Update","Aurigo MW Modernization","Done","Aug-26","21-Aug-2026","","0"
"1535529","Containers list still shows containers even when no items are returned - Copy","Aurigo MW Modernization","Approved","Aug-26","22-Aug-2026","Product Engineering","0"
"1535637","Resource can be added/updated via API when Budget Estimate is in Complete/Approved state","Aurigo MW Modernization","Done","Aug-26","24-Aug-2026","","0"
"1535638","Data Inconsistency Error Occurs When Saving Updated Resources","Aurigo MW Modernization","Done","Aug-26","24-Aug-2026","","0"
"1535735","POST: FUNDRULE: On passing text in 'ProjectFundID' in ""DistributionDetails"", record is getting created without any rows in the grid instead of showing error.","Aurigo MW Modernization","Done","Aug-26","24-Aug-2026","Product Engineering","0"
"1536197","POST: Pay Estimates: Able to create new record eventhough Approved Item Posting doesn't exists","Aurigo MW Modernization","Approved","Aug-26","24-Aug-2026","Product Engineering","0"
"1536977","Pay Estimates: Sub Contractor name is displayed in GetDetails response for 'Contractor' field, whereas in UI its showing Prime Contractor","Aurigo MW Modernization","Cannot Reproduce","Aug-26","26-Aug-2026","Product Engineering","0"
"1537369","MOM: On GET/POST Request getting the Form not supported message","Aurigo MW Modernization","New","Aug-26","27-Aug-2026","","0"
"1537618","POST: Pay Estimates: ""HoldRetentionPercentage"" value is not getting added in create mode and duplicate records are getting created in ""grdAdjustments"" in Edit mode","Aurigo MW Modernization","New","Aug-26","27-Aug-2026","Product Engineering","0"
"1537988","API Response Does Not Return Container and Child Items in Parent-Child Format","Aurigo MW Modernization","Dev in progress","Aug-26","28-Aug-2026","","0"
"1537992","API Response is showing null for the container start, end and duration field and amount as zero for container distributions","Aurigo MW Modernization","New","Aug-26","28-Aug-2026","","0"
"1537994","Extra Distribution month will be added at last when user updates the curve","Aurigo MW Modernization","New","Aug-26","28-Aug-2026","","0"
"1538000","Progress in % field is missing for items in API response","Aurigo MW Modernization","New","Aug-26","28-Aug-2026","","0"
"1538007","Duration days is showing wrong in the API Response","Aurigo MW Modernization","New","Aug-26","28-Aug-2026","","0"
"1538008","Total amount and remaining amount calculation is showing wrong values in the API Response","Aurigo MW Modernization","New","Aug-26","28-Aug-2026","","0"
"1538089","POST:Pay Estimates: New Approved Item Posting data is not getting updated in Work Done grid, on updating 'ToDate' to same date as new Item Posting","Aurigo MW Modernization","New","Aug-26","28-Aug-2026","Product Engineering","0"
"1538421","GET: Pay Estimates: ""LineNo"" in ""grdWorkDone"" shows no data in the response","Aurigo MW Modernization","New","Aug-26","31-Aug-2026","Product Engineering","0"
"1538466","POST: Pay Estimates: Missing validations for ""RetainageReleasePercentage"" & ""HoldReleasePercentage"" - allowing more than 100% and ""RetainageReleaseAmount"" & ""HoldReleaseAmount"" - allowing more than available Amount","Aurigo MW Modernization","New","Aug-26","31-Aug-2026","Product Engineering","0"
"1463350","Plan: Tooltip info is not displayed in gantt view for In-progress project","Aurigo Plan 2.0","Done","Apr-26","01-Apr-2026","","0"
"1463543","Configurations>Project Locations: Date Picker is not working","Aurigo Plan 2.0","Done","Apr-26","01-Apr-2026","","0"
"1463574","Custom Property: The tooltip icon appears in different positions in View and Edit modes on the Consumption page.","Aurigo Plan 2.0","Done","Apr-26","01-Apr-2026","","0"
"1463690","Plan: Date and stale state is still shown in draft state scenario.","Aurigo Plan 2.0","Done","Apr-26","01-Apr-2026","","0"
"1463692","Plan: Excluded project dates and stale state is displayed on revise in project","Aurigo Plan 2.0","Cannot Reproduce","Apr-26","01-Apr-2026","","0"
"1463766","Unable to Generate Bearer Token for Plan User via Automation API in QA Environment","Aurigo Plan 2.0","Done","Apr-26","02-Apr-2026","","0"
"1463918","Library > Budget > Budget Items: When saving an edited Budget Item, the Budget Attributes are reset to the default value ‘Unassigned’.","Aurigo Plan 2.0","Done","Apr-26","02-Apr-2026","","0"
"1463945","Library>Budget>Budget Items: UI Bug","Aurigo Plan 2.0","Done","Apr-26","02-Apr-2026","","0"
"1464005","Library > Budget > Budget Item: The paste icon fails to function when Phase and Cost Type values are pasted without including headers.","Aurigo Plan 2.0","Cannot Reproduce","Apr-26","02-Apr-2026","","0"
"1464285","Library > Budget > Budget Items: The message ‘No Matching Found’ is displayed when multiple sheets are present and column headers are missing.","Aurigo Plan 2.0","Done","Apr-26","02-Apr-2026","","0"
"1464507","Project > Calendar: Date and Holiday Name are incorrectly mapped on the preview page when an Excel file is imported without any column headers.","Aurigo Plan 2.0","Done","Apr-26","03-Apr-2026","","0"
"1464519","Project > Calendar: When a row is marked as invalid and edited on the Invalid Row page, selecting the checkbox causes the edited text to disappear.","Aurigo Plan 2.0","Done","Apr-26","03-Apr-2026","","0"
"1464657","[Performance Bug] - Charters module APIs returning 500 error due to DB issue","Aurigo Plan 2.0","Dev Completed","Apr-26","03-Apr-2026","Performance","0"
"1464711","Plan: On switching to prioritize page invalid error message is displayed","Aurigo Plan 2.0","Cannot Reproduce","Apr-26","03-Apr-2026","","0"
"1464746","Budget push: On pushing budget item getting error message","Aurigo Plan 2.0","New","Apr-26","05-Apr-2026","","0"
"1464769","Library>Budget Items:  Budget Item Attributes are aligned differently in view and edit mode","Aurigo Plan 2.0","Done","Apr-26","06-Apr-2026","","0"
"1464988","Library> Project Calendars: Unable to create a new or Edit Calander Template","Aurigo Plan 2.0","Done","Apr-26","06-Apr-2026","","0"
"1465214","Budget push: On pushing budget multiple times>success toast is displayed instead of item all ready pushed","Aurigo Plan 2.0","Done","Apr-26","06-Apr-2026","","0"
"1465218","Budget Push: Dates are not getting updated on push when user make modification to only dates in cash flow","Aurigo Plan 2.0","Done","Apr-26","06-Apr-2026","","0"
"1465220","Budget update: On refreshing the budget again on save action refresh is displayed for few sec","Aurigo Plan 2.0","Done","Apr-26","06-Apr-2026","","0"
"1465222","Budget push: Added budget are missing when user makes the the published budget to draft state","Aurigo Plan 2.0","Done","Apr-26","06-Apr-2026","","0"
"1465264","Links : More option won't be visible for user to delete link when URL/Name is long","Aurigo Plan 2.0","Done","Apr-26","07-Apr-2026","","0"
"1465266","Links : Insert/Add Links label mismatch in button and popup header","Aurigo Plan 2.0","Done","Apr-26","07-Apr-2026","","0"
"1466070","Budget push: Error message is displayed when user push the budget item with adding[Date of min-max]]","Aurigo Plan 2.0","Done","Apr-26","07-Apr-2026","","0"
"1466504","Budget push: invalid error message is displayed when user push the budget to build and have a BE item all ready in build","Aurigo Plan 2.0","New","Apr-26","08-Apr-2026","","0"
"1466511","Library>Project Calendars:Mandatory field validation for the Name field is displayed even when the user starts entering a valid value","Aurigo Plan 2.0","Done","Apr-26","08-Apr-2026","","0"
"1466518","Library>Project Calendars: Unable to import the Recurring Holidays Project Calendars template in the Project Module","Aurigo Plan 2.0","Cannot Reproduce","Apr-26","08-Apr-2026","","0"
"1466525","Library>Project Calendars: After saving the Recurring Holidays details, the grid data disappears","Aurigo Plan 2.0","Done","Apr-26","08-Apr-2026","","0"
"1466591","Project Scoring > Scoring Criteria grid will be blank when there are no records","Aurigo Plan 2.0","Done","Apr-26","08-Apr-2026","","0"
"1466654","Charters: 400 error is displayed on save action in custom page>charters","Aurigo Plan 2.0","Done","Apr-26","08-Apr-2026","","0"
"1467102","Project calendar: Import holiday is not working","Aurigo Plan 2.0","Done","Apr-26","09-Apr-2026","","0"
"1467161","Project calendars: Columns are wrongly mapped when the Columns Headers are not present","Aurigo Plan 2.0","Done","Apr-26","09-Apr-2026","","0"
"1467173","Project Calendars: Toast message is wrong when more than one sheet is present","Aurigo Plan 2.0","Done","Apr-26","09-Apr-2026","","0"
"1467501","Public API: Incorrect time is displayed in","Aurigo Plan 2.0","Done","Apr-26","10-Apr-2026","","0"
"1467531","Public API: Network/CORSS error is displayed when user disable","Aurigo Plan 2.0","Done","Apr-26","10-Apr-2026","","0"
"1467634","Project>Budget: When importing from clip Board Start Date, End Date and Distribution columns are not mapped in preview and review Page","Aurigo Plan 2.0","Cannot Reproduce","Apr-26","10-Apr-2026","","0"
"1467640","Project>Calendar: Failed to read Excel File Columns Toast message is coming up when more than one sheet is present in Excel and clicked on Suggest Sheet","Aurigo Plan 2.0","Done","Apr-26","10-Apr-2026","","0"
"1467664","Scenario: On adding the planning fund for a blink of sec added record is not displayed and then loaded back","Aurigo Plan 2.0","Done","Apr-26","10-Apr-2026","","0"
"1467667","Plan scenario: On changing the project date one day less is displayed in both grid and gantt view","Aurigo Plan 2.0","Done","Apr-26","10-Apr-2026","","0"
"1467695","Plan scenario: Unable to duplicate scenario which is created manually","Aurigo Plan 2.0","Done","Apr-26","10-Apr-2026","","0"
"1467742","Budget Items: Tooltip is cropped in the view Mode in BudgetItem Library Form","Aurigo Plan 2.0","Done","Apr-26","10-Apr-2026","","0"
"1467744","Charters: Numeric Custom Property Unique Flag filed is not Working for Charters Details Page, Charters Financials Page and Charters Location Page","Aurigo Plan 2.0","Done","Apr-26","10-Apr-2026","","0"
"1467755","More than One property Charters cannot be made has a project Property","Aurigo Plan 2.0","Done","Apr-26","10-Apr-2026","","0"
"1468056","Library > Budget > Budget Template: Edited Budget Template name is not reflected in the UI after saving the changes.","Aurigo Plan 2.0","Cannot Reproduce","Apr-26","13-Apr-2026","","0"
"1468477","Library: Strategic goals on creation of a record, user is navigated to list page instead of details page.","Aurigo Plan 2.0","Done","Apr-26","14-Apr-2026","","0"
"1468660","Library:  Record Name should be displayed has header text","Aurigo Plan 2.0","New","Apr-26","14-Apr-2026","","0"
"1468670","Library>Projects>Strategic Goals: After editing and saving a Strategic Goals record, the updated text is not reflected in the UI, and the old value is still displayed","Aurigo Plan 2.0","Cannot Reproduce","Apr-26","14-Apr-2026","","0"
"1468782","Library: Toast message must be consistent across all the library Forms","Aurigo Plan 2.0","Done","Apr-26","14-Apr-2026","","0"
"1468865","Library: update in name is not happening in strategic goals","Aurigo Plan 2.0","New","Apr-26","14-Apr-2026","","0"
"1468936","Masterworks: on upload of a document in discussion/attachments CORSS/401 error is displayed.","Aurigo Plan 2.0","New","Apr-26","15-Apr-2026","","0"
"1468938","Masterworks: On uploading of links error message is displayed","Aurigo Plan 2.0","Done","Apr-26","15-Apr-2026","","0"
"1468940","Masterworks: On conversion of charters to project error is displayed","Aurigo Plan 2.0","Cannot Reproduce","Apr-26","15-Apr-2026","","0"
"1468992","Masterworks:  Deleted funding value is displayed for few sec on save action","Aurigo Plan 2.0","Done","Apr-26","15-Apr-2026","","0"
"1469037","Project Calendar : Add Holiday slider > Create button is not getting enabled on adding calendar for the second time without entering Repeat field","Aurigo Plan 2.0","Done","Apr-26","15-Apr-2026","","0"
"1469063","Charters>Financials: The entered numeric property value is being cleared when the user clicks outside the input field","Aurigo Plan 2.0","Done","Apr-26","15-Apr-2026","","0"
"1469251","MasterWorks Plan : App Settings > Logo upload fails","Aurigo Plan 2.0","New","Apr-26","15-Apr-2026","","0"
"1469279","MasterWorks : Notifications > Email and Bell notifications are not trigerred","Aurigo Plan 2.0","New","Apr-26","15-Apr-2026","","0"
"1469341","Masterworks: On revising the project date version name is not displayed","Aurigo Plan 2.0","Done","Apr-26","15-Apr-2026","","0"
"1469617","Library> Budget Items: Pagination page content is not reflected correctly","Aurigo Plan 2.0","Cannot Reproduce","Apr-26","16-Apr-2026","","0"
"1469981","Charters: On creation of charters record, its not displayed in list page but charter count is displayed","Aurigo Plan 2.0","Done","Apr-26","16-Apr-2026","","0"
"1470405","Filter Charters : Date control issues","Aurigo Plan 2.0","Done","Apr-26","20-Apr-2026","","0"
"1470649","Charters Filter : Time & Budget section isn't highlighted by default when the filter popup is opened","Aurigo Plan 2.0","Done","Apr-26","21-Apr-2026","","0"
"1470654","Charters Filter : Date > Start Date can be greater than End Date in the filter popup","Aurigo Plan 2.0","Done","Apr-26","21-Apr-2026","","0"
"1470662","Charter Filters : Filter count in Time and Budget tab is not cleared after reset and applying filters in other tabs","Aurigo Plan 2.0","Done","Apr-26","21-Apr-2026","","0"
"1471202","Charters Map Filters Prod Issues","Aurigo Plan 2.0","Done","Apr-26","22-Apr-2026","","0"
"1474149","Library> Budget Items: Toast message is not displayed on importing the Excel File","Aurigo Plan 2.0","Done","Apr-26","29-Apr-2026","","0"
"1474808","opentelemetry.exporter.jaeger.1.5.1.nupkg","Aurigo Plan 2.0","Dev Completed","Apr-26","30-Apr-2026","Security","0"
"1475237","When multiple charters or projects are located in the same area, only one of them is displayed as pinned on the map view","Aurigo Plan 2.0","Done","May-26","04-May-2026","","0"
"1475259","Proximity Filter Issue: When the proximity filter is applied for the Project within the Charters module, the project details are not displayed.","Aurigo Plan 2.0","Done","May-26","04-May-2026","","0"
"1475644","[API] Response type to be updated to JSON format","Aurigo Plan 2.0","New","May-26","05-May-2026","","0"
"1475954","Configurations> Risks: Toast message must be Displayed on Editing and Saving the Page","Aurigo Plan 2.0","Done","May-26","05-May-2026","","0"
"1476577","Risk Config: No validation error message is displayed but in network tab 400 error shown when user enter max value","Aurigo Plan 2.0","Done","May-26","06-May-2026","","0"
"1476596","Charters: In the Charters Map View, applying risk filters does not correctly filter the displayed data","Aurigo Plan 2.0","Done","May-26","06-May-2026","","0"
"1476622","Risk Config: When user click on edit and do not make any modification and click on save>Save cancel pop is displayed on clicking it nothing works","Aurigo Plan 2.0","Done","May-26","06-May-2026","","0"
"1476774","Project Calendar Import: Uploading an empty Excel file and clicking Next should display a validation toast message.","Aurigo Plan 2.0","Done","May-26","07-May-2026","","0"
"1476848","Project Risk: When user filter on risk Total project count is displayed instead of filtered project","Aurigo Plan 2.0","Done","May-26","07-May-2026","","0"
"1476849","Filter: On applying any filter>Loading message is overlapped with text","Aurigo Plan 2.0","Done","May-26","07-May-2026","","0"
"1477517","Charters > Map View: The map automatically zooms out excessively when the “Proximity to Project” filter is applied and no charters are found within the specified distance.","Aurigo Plan 2.0","New","May-26","08-May-2026","","0"
"1477546","Plan: Incorrect project count is displayed in Compare Scenarios","Aurigo Plan 2.0","Done","May-26","08-May-2026","","0"
"1479215","Project>Budget: Excel Import for Budget Item Issues","Aurigo Plan 2.0","Done","May-26","13-May-2026","","0"
"1479265","Charters: Unable to download attachments getting CORSS error","Aurigo Plan 2.0","Done","May-26","13-May-2026","","0"
"1480616","Project > Calendar: Excel import template does not validate date format entries","Aurigo Plan 2.0","Done","May-26","18-May-2026","","0"
"1481375","Doc view: Document loading keeps rendering when user upload multiple files","Aurigo Plan 2.0","Done","May-26","20-May-2026","","0"
"1481934","CAD: Amount and CAD is not displayed in Plan>cashflow bottom","Aurigo Plan 2.0","Cannot Reproduce","May-26","21-May-2026","","0"
"1482557","Charters Financial : Capex Estimate, Opex Estimate and Total Cost Estimate field values shows 'undefined' in Edit mode when app settings has CAD format set","Aurigo Plan 2.0","Done","May-26","22-May-2026","","0"
"1482558","Projects : Add budget item slider and Allocation Percentage inline edit mode values are not displayed as per CAD app settings format","Aurigo Plan 2.0","Done","May-26","22-May-2026","","0"
"1482559","Projects > ROI > None of the field values are displaying as per CAD app setting format","Aurigo Plan 2.0","Done","May-26","22-May-2026","","0"
"1482562","Project Grid's numeric/currency inline edit cell displays 'undefined' when CAD formats are set in App Settings","Aurigo Plan 2.0","Done","May-26","22-May-2026","","0"
"1482563","Across app : CAD formatting isn't displayed for values/currencies field's in inline editable cell/mode","Aurigo Plan 2.0","Done","May-26","22-May-2026","","0"
"1482790","Charters: Key Milestone data is lost on saving the Newly created charter","Aurigo Plan 2.0","Cannot Reproduce","May-26","25-May-2026","","0"
"1483606","Charter Location ROI: ROI data is not as per CAD app setting","Aurigo Plan 2.0","Done","May-26","26-May-2026","","0"
"1483607","Project scoring: Scoring criteria data is not as per app setting CAD","Aurigo Plan 2.0","Done","May-26","26-May-2026","","0"
"1483900","Projects > Financials > Attachments: PDF file is not deleted on first attempt; only success toast message is displayed","Aurigo Plan 2.0","Done","May-26","27-May-2026","","0"
"1483924","Charters>Details and Financials: Excel and Docs file is not deleted on first attempt; only success toast message is displayed","Aurigo Plan 2.0","Done","May-26","27-May-2026","","0"
"1483966","Related Files : Deleted file still exists even after the deletion toast disappears","Aurigo Plan 2.0","Done","May-26","27-May-2026","","0"
"1483969","Plan: Cashflow> Plan budget data in cashflow is not as per app setting.","Aurigo Plan 2.0","Cannot Reproduce","May-26","27-May-2026","","0"
"1484569","Power BI: After refreshing the Integration Module, user is redirected to Home Module instead of remaining on the Integration module.","Aurigo Plan 2.0","Done","May-26","29-May-2026","","0"
"1486569","Power BI: Data format displayed on the Power BI page does not match the format configured in App Settings","Aurigo Plan 2.0","Done","Jun-26","01-Jun-2026","","0"
"1486630","Power BI: Application crashes when navigating between reports on the Home Dashboard","Aurigo Plan 2.0","Done","Jun-26","01-Jun-2026","","0"
"1486968","Power BI: When user enable or disable power bi integration settings for report then 500 error is displayed.","Aurigo Plan 2.0","Done","Jun-26","01-Jun-2026","","0"
"1486970","Power BI: On loading home dashboard a random report can be seen on opening error is displayed in network tab[Also no data in that report]","Aurigo Plan 2.0","Done","Jun-26","01-Jun-2026","","0"
"1487348","Power BI: With duplicate tab>On loading home dashboard same power BI screen is seen, only on navigation to other forms page reload happens","Aurigo Plan 2.0","Done","Jun-26","02-Jun-2026","","0"
"1487399","Plan > Fund Source Grid: Last column always displays zero on saving the Planning Details and Funding pages","Aurigo Plan 2.0","Done","Jun-26","02-Jun-2026","","0"
"1487658","Power BI: Failed to load report. Please check your Microsoft connection in Integrations","Aurigo Plan 2.0","Done","Jun-26","02-Jun-2026","","0"
"1487667","Power BI: Integration> Workspace is Visible even though no reports are present in it","Aurigo Plan 2.0","Done","Jun-26","02-Jun-2026","","0"
"1487671","Power BI > Home: Report names displayed on the Home page do not match the actual report content","Aurigo Plan 2.0","Done","Jun-26","02-Jun-2026","","0"
"1487673","Power BI > Home: Long report names are hidden in the More dropdown menu","Aurigo Plan 2.0","Done","Jun-26","02-Jun-2026","","0"
"1488153","Custom Properties: Unable to save existing Charters and Projects after making custom properties mandatory","Aurigo Plan 2.0","Cannot Reproduce","Jun-26","03-Jun-2026","","0"
"1488302","Attachments: Unable to Re-upload the same file after deletion","Aurigo Plan 2.0","Reopened","Jun-26","03-Jun-2026","","0"
"1488361","ArcGIS: When user set poly and point layer at the same place then user can click on ploy layer not point layer to get information","Aurigo Plan 2.0","New","Jun-26","03-Jun-2026","","0"
"1488583","ArcGIS: Line layer zoom in-point is not working as it works for Point and Ploy layer zoom in","Aurigo Plan 2.0","QA in Progress","Jun-26","04-Jun-2026","","0"
"1488898","Power BI: On page reload reports are not visible in dropdown","Aurigo Plan 2.0","Done","Jun-26","04-Jun-2026","","0"
"1489317","Project Cashflow: With app setting>CAD ### ### ##0,00 $ then on loading yearly view amount is not loaded.","Aurigo Plan 2.0","Done","Jun-26","05-Jun-2026","","0"
"1489321","Plan: Plan Details and Funding Page> Unable to edit single cell in Fund Source Grid","Aurigo Plan 2.0","Done","Jun-26","05-Jun-2026","","0"
"1489431","Power BI: On loading existing workspace>report error is displayed in dashboard","Aurigo Plan 2.0","Done","Jun-26","05-Jun-2026","","0"
"1489582","Project cashflow: Yearly distribution bottom value is not clear and on hovering data is not displayed","Aurigo Plan 2.0","Done","Jun-26","05-Jun-2026","","0"
"1490086","Plan > Prioritize and Cashflow Page Fails to Show the Project End Date Value","Aurigo Plan 2.0","Done","Jun-26","08-Jun-2026","","0"
"1490655","Saved views: On adding a project with long name, Custom view alignment is out of the frame","Aurigo Plan 2.0","Done","Jun-26","09-Jun-2026","","0"
"1490845","Saved views: When an item is deleted and save view is created>deleted item is still shown on unsaved budget item","Aurigo Plan 2.0","New","Jun-26","09-Jun-2026","","0"
"1490918","Vite: numeric input spinner arrows + other SCSS-referenced SVG/font assets are 404 after migration","Aurigo Plan 2.0","Done","Jun-26","09-Jun-2026","","0"
"1491131","Saved Views: A success toast message is displayed when setting a view as default, even though the selected view is already marked as the default view.","Aurigo Plan 2.0","Done","Jun-26","10-Jun-2026","","0"
"1491143","Saved views: UI alignment issue when user apply dates to BE items","Aurigo Plan 2.0","New","Jun-26","10-Jun-2026","","0"
"1491153","Saved Views: Success toast message is displayed when clicking ""Update Current View"" even though no changes have been made to the view","Aurigo Plan 2.0","Done","Jun-26","10-Jun-2026","","0"
"1491167","Saved views: In newly added project or scenarios, previously added project and scenario views are displayed","Aurigo Plan 2.0","New","Jun-26","10-Jun-2026","","0"
"1491579","Plan Module: Published-to-Draft and Draft-to-Published Scenario Status Change through Dropdown Issues","Aurigo Plan 2.0","Done","Jun-26","11-Jun-2026","","0"
"1491598","Projects > Financials  : Page crash on navigating to Financials tab","Aurigo Plan 2.0","Done","Jun-26","11-Jun-2026","","0"
"1491667","Excel Import:  Preview and Review Page alignment Issue","Aurigo Plan 2.0","Done","Jun-26","11-Jun-2026","","0"
"1491734","Plan Module: Fund Source Grid Displays Incorrect Aggregate Values","Aurigo Plan 2.0","Done","Jun-26","11-Jun-2026","","0"
"1492089","App Settings : For CAD format settings > Planning Windows(Years) > Field shows 'undefined'","Aurigo Plan 2.0","Done","Jun-26","12-Jun-2026","","0"
"1492093","User Management: Users Page UI Alignment Differs from Prod Environment","Aurigo Plan 2.0","Done","Jun-26","12-Jun-2026","","0"
"1492120","Library: Expand and collapse issue in Project calendars and Project Attribute Forms","Aurigo Plan 2.0","Done","Jun-26","12-Jun-2026","","0"
"1492210","Scenario cashflow shows wrong data","Aurigo Plan 2.0","Done","Jun-26","12-Jun-2026","","0"
"1492263","Charters: When user edit and saves data then page blinks twice","Aurigo Plan 2.0","Done","Jun-26","12-Jun-2026","","0"
"1492297","Charters: On giving large values in charters financials value on save 500 error is displayed","Aurigo Plan 2.0","Done","Jun-26","12-Jun-2026","","0"
"1492330","Plan Scenario: Breakdown by budget attribute applied filter is removed once your switch to chart view","Aurigo Plan 2.0","Done","Jun-26","12-Jun-2026","","0"
"1492331","Charters: When a charter is inactive on uploading links error is displayed","Aurigo Plan 2.0","Done","Jun-26","12-Jun-2026","","0"
"1492406","Plan: Clear all grouping alignment and color needs refinement","Aurigo Plan 2.0","Done","Jun-26","12-Jun-2026","","0"
"1492646","Project: Deleted Budget Item Reappears on saving","Aurigo Plan 2.0","Done","Jun-26","15-Jun-2026","","0"
"1492866","UI Fields appear distorted on first navigation after saving CAD format in App Settings","Aurigo Plan 2.0","Done","Jun-26","15-Jun-2026","","0"
"1492924","Plan Module > Prioritize page: Map View Displays Only One Pin When Multiple Projects Share the Same Location while adding projects","Aurigo Plan 2.0","Done","Jun-26","15-Jun-2026","","0"
"1492936","Application Frequently Crashes During Login and Navigation Across Modules","Aurigo Plan 2.0","Done","Jun-26","15-Jun-2026","","0"
"1493344","ArcGIS: On applying different geometry's if user changes the layer then only geometry's are displayed","Aurigo Plan 2.0","QA in Progress","Jun-26","16-Jun-2026","","0"
"1493665","Saved Views: Unable to delete saved views getting CORSS error","Aurigo Plan 2.0","Done","Jun-26","16-Jun-2026","","0"
"1493672","Scenario Planning : Latest record is shown at bottom","Aurigo Plan 2.0","Done","Jun-26","16-Jun-2026","","0"
"1494401","ArcGIS: Project location is displayed along with geometry's","Aurigo Plan 2.0","New","Jun-26","16-Jun-2026","","0"
"1494557","Plan > Prioritize: intermittently Incorrect Date Is Loaded After Saving the Page","Aurigo Plan 2.0","Done","Jun-26","16-Jun-2026","","0"
"1495822","Cashflow: Added budget item data is not displayed in cashflow view.","Aurigo Plan 2.0","Cannot Reproduce","Jun-26","17-Jun-2026","","0"
"1495832","Scenario Compare is missing Window Budget Totals, only has Plan Budget Total","Aurigo Plan 2.0","QA in Progress","Jun-26","17-Jun-2026","Product Engineering","0"
"1496912","Planning : Excluded Projects are displaying under reports","Aurigo Plan 2.0","Done","Jun-26","19-Jun-2026","","0"
"1497144","Planning > Leave Popup is not displayed when changes are made in tab forms and user navigates away(Different form/module)","Aurigo Plan 2.0","Done","Jun-26","22-Jun-2026","","0"
"1497178","Unable to delete Published Planning Scenario record","Aurigo Plan 2.0","Cannot Reproduce","Jun-26","22-Jun-2026","","0"
"1497456","Plans: Aggregate values on the Prioritize page are not updated correctly after including or excluding a project from the Cashflow page.","Aurigo Plan 2.0","Done","Jun-26","22-Jun-2026","","0"
"1497709","Charter: Map View> Convert to Project option should remain disabled when the charter is in Draft status","Aurigo Plan 2.0","Done","Jun-26","23-Jun-2026","","0"
"1497758","Charter: In Map View> applying filters only updates the displayed results and does not automatically zoom in or zoom out the map to fit the filtered locations.","Aurigo Plan 2.0","Done","Jun-26","23-Jun-2026","","0"
"1498294","Imagery (satellite): when user choose this layer then the line layer is not that great with color combination and visibility is less to user","Aurigo Plan 2.0","New","Jun-26","24-Jun-2026","","0"
"1498300","ArcGIS: When user load the location list page then latest data with charters/project is not zoomed in.","Aurigo Plan 2.0","New","Jun-26","24-Jun-2026","","0"
"1498314","ArcGIS: Sometimes when user switch to maps list page, no feature layer configured is displayed next to Basemap","Aurigo Plan 2.0","Done","Jun-26","24-Jun-2026","","0"
"1498319","ArcGIS: When user log-ins and load Feature layers or switch to some module and come back to this feature layer dropdown and choose a value error toast is displayed","Aurigo Plan 2.0","Done","Jun-26","24-Jun-2026","","0"
"1508127","Funding Attributes: Unable to perform delete operation on funding attribute","Aurigo Plan 2.0","Done","Jun-26","30-Jun-2026","","0"
"1508137","Funding Attribute: UI Issue in the funding attribute","Aurigo Plan 2.0","Cannot Reproduce","Jun-26","30-Jun-2026","","0"
"1508140","Funding Attributes: Project>In project Funding page we are able to add the same fund source twice","Aurigo Plan 2.0","Done","Jun-26","30-Jun-2026","","0"
"1508147","Projects > Cashflow: Clicking a fund source within attribute grouping does not open the slider.","Aurigo Plan 2.0","Done","Jun-26","30-Jun-2026","","0"
"1508164","Projects>Cashflow: Any changes made in the funding page tab is not immediately reflected in the cashflow page","Aurigo Plan 2.0","Done","Jun-26","30-Jun-2026","","0"
"1508169","Project > Cashflow: Selecting an attribute value checkbox should select all fund sources under it","Aurigo Plan 2.0","Done","Jun-26","30-Jun-2026","","0"
"1508272","Project>Project Funding: Deleted Funding attribute reappears, in the page and also Revise button is not seen intermittently","Aurigo Plan 2.0","Done","Jul-26","01-Jul-2026","","0"
"1508281","Project>Project Funding: All the added fund sources does appear in the list only after one navigation","Aurigo Plan 2.0","Done","Jul-26","01-Jul-2026","","0"
"1508292","Project> Cashflow: Grid view and Chart view issue with funding sources","Aurigo Plan 2.0","Done","Jul-26","01-Jul-2026","","0"
"1508300","Project: Revise Icon disappears after revising the cashflow and project funding","Aurigo Plan 2.0","Done","Jul-26","01-Jul-2026","","0"
"1508315","Project>Project Funding: Clicking 'Add Fund Source' repeatedly appends infinite 'Bank Loan' fund source entries without restriction.","Aurigo Plan 2.0","Done","Jul-26","01-Jul-2026","","0"
"1508321","Plan: Accessing a stale project via the Plan scenario results in an unhandled 400 error message.","Aurigo Plan 2.0","Done","Jul-26","01-Jul-2026","","0"
"1509483","Plan> Cashflow: Applying 'Group By Budget Attribute' in the Cashflow view incorrectly accumulates the Total Budget to zero","Aurigo Plan 2.0","Done","Jul-26","01-Jul-2026","","0"
"1509496","Project>Financials: newly added budget items do not appear immediately in the Cashflow page","Aurigo Plan 2.0","Done","Jul-26","01-Jul-2026","","0"
"1509675","Plan: Leave page pop-up appears while trying to create a new scenario","Aurigo Plan 2.0","Done","Jul-26","01-Jul-2026","","0"
"1509964","Plan: Group By Project combined with Chart view results in infinite loading.","Aurigo Plan 2.0","Dev Completed","Jul-26","02-Jul-2026","","0"
"1510006","Fund detailing: On entering name still validation error is displayed","Aurigo Plan 2.0","Done","Jul-26","02-Jul-2026","","0"
"1510024","Fund detailing: When user enters large data in name/dec/value error is displayed","Aurigo Plan 2.0","Done","Jul-26","02-Jul-2026","","0"
"1510064","Fund Detailing: When user starts entering name to some extend then it overlaps with validation exclamation","Aurigo Plan 2.0","Done","Jul-26","02-Jul-2026","","0"
"1510272","Fund Detailing: When a long is selected in project>cashflow>funding>Grouping: UI alignment and other options are moved to right.","Aurigo Plan 2.0","Done","Jul-26","02-Jul-2026","","0"
"1510299","Fund Detailing: -ve symbol is not displayed in excel download but displayed in UI","Aurigo Plan 2.0","Done","Jul-26","02-Jul-2026","","0"
"1510610","Project>Cashflow: On applying Group By fund attributes, the Latest view changes are incorrectly reflected across all previously saved views.","Aurigo Plan 2.0","Done","Jul-26","03-Jul-2026","","0"
"1510646","Funding attribute: while trying to create a new funding attribute in Primus plan network error message is shown","Aurigo Plan 2.0","Done","Jul-26","03-Jul-2026","","0"
"1510654","Primus Plan: No grouping item and dropdown are missing in Project Cashflow page","Aurigo Plan 2.0","Done","Jul-26","03-Jul-2026","","0"
"1510685","Fund detailing: Excel export is not getting downloaded in funding source with few addition columns data","Aurigo Plan 2.0","Done","Jul-26","03-Jul-2026","","0"
"1511022","Project cashflow : Expand and collapse for funding source has minor UI issue","Aurigo Plan 2.0","Dev in progress","Jul-26","06-Jul-2026","","0"
"1511024","Charters details: Insert links has UI issue when user enter long name in display name","Aurigo Plan 2.0","Done","Jul-26","06-Jul-2026","","0"
"1511045","Project: Attachments>on deleting the deleted attachment 404 error is displayed","Aurigo Plan 2.0","Done","Jul-26","06-Jul-2026","","0"
"1511282","Saved Views: When user switch's back to default system view data is not loaded as per the selection","Aurigo Plan 2.0","New","Jul-26","06-Jul-2026","","0"
"1511283","Saved views: Default cashflow view should be renamed to System default or System view","Aurigo Plan 2.0","Done","Jul-26","06-Jul-2026","","0"
"1511284","Saved views: User is able to set Default cashflow view[System view] as default, more option should be added as we have for other views","Aurigo Plan 2.0","Done","Jul-26","06-Jul-2026","","0"
"1511286","Saved views: When user switches from saved view to different views[Grid/Gantt/Chart] then default system view is loading","Aurigo Plan 2.0","Done","Jul-26","06-Jul-2026","","0"
"1511851","Charters: In saved views when user enters long name UI issue","Aurigo Plan 2.0","Done","Jul-26","07-Jul-2026","","0"
"1512109","Charters: The 'Modified' tag disappears on the Charters list page when switching from Card view to Grid view after applying filters in the system default view","Aurigo Plan 2.0","Done","Jul-26","07-Jul-2026","","0"
"1512400","Charters:  Save button remains disabled when 'Set as Default' is checked without renaming the view","Aurigo Plan 2.0","Done","Jul-26","08-Jul-2026","","0"
"1513269","Charter saved views: When the char is at 100, Text can be truncated","Aurigo Plan 2.0","Done","Jul-26","10-Jul-2026","","0"
"1513526","Charters: Search by name bar has UI issue with charters","Aurigo Plan 2.0","Done","Jul-26","10-Jul-2026","","0"
"1513531","Charters: When user creates a new view, previously saved view name is auto-generated in save views","Aurigo Plan 2.0","Done","Jul-26","10-Jul-2026","","0"
"1515085","File upload fails when the attachment exceeds the allowed size limit / when an invalid file is being uploaded","Aurigo Plan 2.0","Done","Jul-26","14-Jul-2026","","0"
"1515839","API Integration: When user enter a long name UI issue","Aurigo Plan 2.0","Done","Jul-26","14-Jul-2026","","0"
"1519864","Project and Charters: Default project view fails to load when navigating from the Customized view.","Aurigo Plan 2.0","Done","Jul-26","16-Jul-2026","","0"
"1521983","Related Files / Discussion Files : Unable to Download and View large size files","Aurigo Plan 2.0","New","Jul-26","21-Jul-2026","","0"
"1522142","Application Settings > Logo Upload: Newly uploaded logo is not displayed in the Logo section, and Save is non-functional after the previously uploaded logo is deleted","Aurigo Plan 2.0","Done","Jul-26","22-Jul-2026","","0"
"1522145","Discussion control > Files : Browse/drop zone scrolls with file list instead of staying fixed in Add Files dialog","Aurigo Plan 2.0","Done","Jul-26","22-Jul-2026","","0"
"1522198","Inconsistent max file-size limit between Discussion upload and Related Files upload","Aurigo Plan 2.0","Done","Jul-26","22-Jul-2026","","0"
"1522507","Logo uploaded in App Settings should be displayed in report","Aurigo Plan 2.0","Done","Jul-26","22-Jul-2026","","0"
"1523565","Workflow: A workflow which is not associated stage on published error toast is not proper","Aurigo Plan 2.0","Done","Jul-26","24-Jul-2026","","0"
"1523566","Workflow: UI alignment issue when user enters long WF name","Aurigo Plan 2.0","QA in Progress","Jul-26","24-Jul-2026","","0"
"1523666","Charter Workflow: Stage name and Action Names are updated only after hard refresh","Aurigo Plan 2.0","New","Jul-26","27-Jul-2026","","0"
"1523667","Charter Workflow: Network error when trying to reset the WorkFlow Actions","Aurigo Plan 2.0","Done","Jul-26","27-Jul-2026","","0"
"1523668","Charter Workflow: When trying to Create new Workflow Default name Appears","Aurigo Plan 2.0","QA in Progress","Jul-26","27-Jul-2026","","0"
"1523740","Charter Workflow: Error Converting Charters to Project is Displayed on Converting the charter to Project","Aurigo Plan 2.0","Done","Jul-26","27-Jul-2026","","0"
"1523802","Charter Workflow: the close (X) icon for in-app notifications is not visible when the notification text is at the maximum character limit.","Aurigo Plan 2.0","QA in Progress","Jul-26","27-Jul-2026","","0"
"1523861","Charter Workflow: When workflow Contains DO not Distrub mode Error Toast message is not Displayed","Aurigo Plan 2.0","QA in Progress","Jul-26","27-Jul-2026","","0"
"1523863","Charter Workflow: Days to complete Tool-tip must be enhanced","Aurigo Plan 2.0","Done","Jul-26","27-Jul-2026","","0"
"1523936","Charter Workflow: Fit Screen Icon fits the Workflow out of the screen","Aurigo Plan 2.0","Done","Jul-26","27-Jul-2026","","0"
"1523941","Charter Workflow: In app notification Description for Charter Entering the initial Stage must be enhanced","Aurigo Plan 2.0","QA in Progress","Jul-26","27-Jul-2026","","0"
"1523976","Workflow: When user clicks on save with WF data error is displayed","Aurigo Plan 2.0","New","Jul-26","27-Jul-2026","","0"
"1523977","Workflow: Condition message looks cropped with some char","Aurigo Plan 2.0","QA in Progress","Jul-26","27-Jul-2026","","0"
"1524008","Workflow: When user clicks Auto Layout, Workflow is completely broken with different stages than actual","Aurigo Plan 2.0","QA in Progress","Jul-26","28-Jul-2026","","0"
"1524073","Workflow: When user does not enter any data in message config and click on save error validation has UI issue","Aurigo Plan 2.0","QA in Progress","Jul-26","28-Jul-2026","","0"
"1524400","Workflow: Tooltip info has UI issue at multiple places.","Aurigo Plan 2.0","New","Jul-26","28-Jul-2026","","0"
"1524478","Workflow: On double clicking workflow name and opening for few sec on loading it says WF name as Empty","Aurigo Plan 2.0","QA in Progress","Jul-26","28-Jul-2026","","0"
"1524559","Workflow: On viewing usage of a workflow> when there is no option to reset, still we can see the column checkbox option","Aurigo Plan 2.0","QA in Progress","Jul-26","29-Jul-2026","","0"
"1524564","Charter Workflow: Email notifications are not being triggered.","Aurigo Plan 2.0","QA in Progress","Jul-26","29-Jul-2026","","0"
"1524566","Charter Workflow: When a workflow is moved back to the initial stage from a later stage, the notes and labels are not displayed in the workflow history.","Aurigo Plan 2.0","Blocked","Jul-26","29-Jul-2026","","0"
"1524572","Workflow: When user created a new WF with same name which is already deleted invalid error toast is displayed","Aurigo Plan 2.0","Cannot Reproduce","Jul-26","29-Jul-2026","","0"
"1524574","Workflow: When user deletes a WF and immediately tries to publish the WF invalid error message is displayed","Aurigo Plan 2.0","QA in Progress","Jul-26","29-Jul-2026","","0"
"1524754","Workflow: When there is some configuration error user does not have clear visibility in which stage the issue is happening","Aurigo Plan 2.0","QA in Progress","Jul-26","29-Jul-2026","","0"
"1524778","Workflow: When user clicks on drag to plan, then user unaware of weather its selected or not","Aurigo Plan 2.0","Done","Jul-26","29-Jul-2026","","0"
"1524779","Workflow: The workflow button text is not displayed correctly.","Aurigo Plan 2.0","Blocked","Jul-26","29-Jul-2026","","0"
"1524781","Workflow: When user clicks on auto-layout in between a WF configuration, when the corrections are not properly done then the arranged alignment changes completely","Aurigo Plan 2.0","QA in Progress","Jul-26","29-Jul-2026","","0"
"1524814","Scoring Template: Record name doesn't update when the Name field is edited.","Aurigo Plan 2.0","Done","Jul-26","29-Jul-2026","","0"
"1524824","Scoring Template: A 400-status code is returned on save when trying to import scoring template","Aurigo Plan 2.0","Done","Jul-26","29-Jul-2026","","0"
"1524939","Project Scoring: On clicking hand icon after adding the workbook template score is displayed has '-'","Aurigo Plan 2.0","Done","Jul-26","30-Jul-2026","","0"
"1524951","Project Scoring: Sometimes Carlist page is not completely loaded","Aurigo Plan 2.0","Dev in progress","Jul-26","30-Jul-2026","","0"
"1524952","Scoring Template: Clicking a grid item immediately puts the cell into edit mode, which makes it difficult to select and delete the item.","Aurigo Plan 2.0","Done","Jul-26","30-Jul-2026","","0"
"1524963","Landing page continuously reloads for non-Administrator roles after login","Aurigo Plan 2.0","Done","Jul-26","30-Jul-2026","","0"
"1525032","Scoring Template: Scoring Item Section Issues","Aurigo Plan 2.0","Done","Jul-26","30-Jul-2026","","0"
"1525033","Scoring Workbook: Score value data is not updated as per the Workbook Value","Aurigo Plan 2.0","Done","Jul-26","30-Jul-2026","","0"
"1525034","Scoring Template: Network error while trying to save a scoring template with workbook data","Aurigo Plan 2.0","Done","Jul-26","30-Jul-2026","","0"
"1525035","Project Scoring:  scoring template can be deleted without any warning, even when it is currently in use by a project.","Aurigo Plan 2.0","Done","Jul-26","30-Jul-2026","","0"
"1525041","Project Scoring: when Scoring template is imported score value is not reflected according to the scoring template","Aurigo Plan 2.0","Done","Jul-26","30-Jul-2026","","0"
"1525134","Critical severity Vulnerability in pe-ap_2.0_framework_api-develop - Hardcoded JWT signing/encryption keys —Token Forgery / Auth Bypass","Aurigo Plan 2.0","New","Jul-26","30-Jul-2026","SRE","0"
"1525137","Critical severity Vulnerability in pe-ap_2.0_framework_api-develop - SQL injection (stacked queries) in tenant onboarding","Aurigo Plan 2.0","New","Jul-26","30-Jul-2026","","0"
"1525140","High severity Vulnerability in pe-ap_2.0_framework_api-develop - Admin Access Granted by @aurigo.com Email Domain","Aurigo Plan 2.0","New","Jul-26","30-Jul-2026","","0"
"1525143","High severity Vulnerability in pe-ap_2.0_framework_api-develop - Integration OAuth-Client Management Open to Any Authenticated User","Aurigo Plan 2.0","New","Jul-26","30-Jul-2026","","0"
"1525144","High severity Vulnerability in pe-ap_2.0_framework_api-develop - SQL Injection via Dynamic ORDER BY","Aurigo Plan 2.0","New","Jul-26","30-Jul-2026","","0"
"1525145","High severity Vulnerability in pe-ap_2.0_framework_api-develop - SQL Injection via Unescaped IN() in Excel-Import Uniqueness Check","Aurigo Plan 2.0","New","Jul-26","30-Jul-2026","","0"
"1525167","High severity Vulnerability in pe-ap_2.0_framework_api-develop - Secrets Committed to Git; Full Config Dumped to Container Logs","Aurigo Plan 2.0","New","Jul-26","30-Jul-2026","","0"
"1525175","High severity Vulnerability in pe-ap_2.0_framework_api-develop - Hardcoded Static AES IV Reused for All Encryptions","Aurigo Plan 2.0","New","Jul-26","30-Jul-2026","","0"
"1525179","High severity Vulnerability in pe-ap_2.0_framework_api-develop - Unsalted Single-Round SHA-256 Password Hashing","Aurigo Plan 2.0","New","Jul-26","30-Jul-2026","","0"
"1525180","High severity Vulnerability in pe-ap_2.0_framework_api-develop - CORS Origin Bypass via Suffix Match + AllowCredentials","Aurigo Plan 2.0","New","Jul-26","30-Jul-2026","","0"
"1525205","Critical vlnerability - Azure DevOps PAT Token Committed to .npmrc","Aurigo Plan 2.0","New","Jul-26","30-Jul-2026","Security","0"
"1525207","Critical vulnerability - Auth Bypass Flag and Live JWT Token in .env.local-example","Aurigo Plan 2.0","New","Jul-26","30-Jul-2026","Security","0"
"1525290","Critical vulnerability - Azure Maps Subscription Key Hardcoded in Source and All Environment Files","Aurigo Plan 2.0","New","Jul-26","30-Jul-2026","Security","0"
"1525291","High - All 15 Environment Files Committed to Git","Aurigo Plan 2.0","New","Jul-26","30-Jul-2026","Security","0"
"1525293","High - Stored XSS in Discussion Component (6 Sites, No Sanitization","Aurigo Plan 2.0","Done","Jul-26","30-Jul-2026","Security","0"
"1525294","Workflow: When there is configuration issue>Unable to publish the workflow from the list page getting 400/502 error","Aurigo Plan 2.0","QA in Progress","Jul-26","30-Jul-2026","","0"
"1525299","High -  XSS via innerHTML in ListView Infinite Component","Aurigo Plan 2.0","Done","Jul-26","30-Jul-2026","Security","0"
"1525325","Workflow: App setting date format is not reflected in charters WF list page","Aurigo Plan 2.0","QA in Progress","Jul-26","30-Jul-2026","","0"
"1525449","Project: Unable to save project creation","Aurigo Plan 2.0","Cannot Reproduce","Jul-26","31-Jul-2026","","0"
"1527751","Workflow: when a work is unpublished still can see the published date in the list page column","Aurigo Plan 2.0","QA in Progress","Aug-26","03-Aug-2026","","0"
"1528079","Scoring Template: Black arrow is displayed on the cell in the edit mode","Aurigo Plan 2.0","Done","Aug-26","04-Aug-2026","","0"
"1530394","[Intermittent] Files > “Request failed” displayed after uploading a valid file following an invalid file upload","Aurigo Plan 2.0","Done","Aug-26","10-Aug-2026","","0"
"1531047","Workflow: when user opens the new stage, assigned user cannot be seen 1st time, only on second time opening we can see the user","Aurigo Plan 2.0","QA in Progress","Aug-26","11-Aug-2026","","0"
"1531474","Workflow: Error message needs to be modified looks incorrect[API Failed]","Aurigo Plan 2.0","New","Aug-26","12-Aug-2026","","0"
"1533125","Login Page : Login attempt counter decrements incorrectly after failed login","Aurigo Plan 2.0","New","Aug-26","18-Aug-2026","","0"
"1533127","User Profile > Change Password field issues","Aurigo Plan 2.0","Done","Aug-26","18-Aug-2026","","0"
"1533132","Workflow: When project manager tries to rest the approved WF by Admin getting error on both admin/PM side[Deadlock]","Aurigo Plan 2.0","New","Aug-26","18-Aug-2026","","0"
"1533570","Workflow: getting 401 error on saving a workflow configuration","Aurigo Plan 2.0","New","Aug-26","18-Aug-2026","","0"
"1533878","Compare Financial Model : Comparison data is not displayed","Aurigo Plan 2.0","Done","Aug-26","19-Aug-2026","","0"
"1533881","Financial Model Status : Search field dropdown shows no results even for valid keyword search","Aurigo Plan 2.0","Done","Aug-26","19-Aug-2026","","0"
"1533920","Scoring Template: Scoring Workbook is cropped","Aurigo Plan 2.0","Done","Aug-26","19-Aug-2026","","0"
"1533921","Scoring Template: Scoring Template grid Icons seems to be cropped on hovering","Aurigo Plan 2.0","Reopened","Aug-26","19-Aug-2026","","0"
"1534133","Project Scoring: On Importing the scoring template with long name Scoring Criteria grid gets cropped","Aurigo Plan 2.0","Done","Aug-26","19-Aug-2026","","0"
"1534189","Snapshot: Clear pending changes need UI refinement","Aurigo Plan 2.0","Done","Aug-26","19-Aug-2026","","0"
"1534764","Snapshot: When there is changes in project and user is unable to publish, tooltip info to be improved","Aurigo Plan 2.0","Done","Aug-26","19-Aug-2026","","0"
"1534936","Snapshot: Revise>when multiple BE items are selected in cashflow>Apply dates option is not visible when user selected the BE items","Aurigo Plan 2.0","Done","Aug-26","20-Aug-2026","","0"
"1535067","Project Scoring: Project Score gets updated only after saving the imported scoring template","Aurigo Plan 2.0","Done","Aug-26","20-Aug-2026","","0"
"1535272","Snapshot: Sometimes Version name does not display on save, post reload only it shows the name","Aurigo Plan 2.0","Done","Aug-26","20-Aug-2026","","0"
"1535312","Page/Grid shows no data after clearing pending changes","Aurigo Plan 2.0","Done","Aug-26","21-Aug-2026","","0"
"1535353","Financial Model Status : Add Tooltip to View button","Aurigo Plan 2.0","Done","Aug-26","21-Aug-2026","","0"
"1535427","Snapshot: When user switches to plan and Prioritize or any forms then publish scenario button is displayed","Aurigo Plan 2.0","Done","Aug-26","21-Aug-2026","","0"
"1535497","Project funding: On changing existing fund source name 500 error is displayed","Aurigo Plan 2.0","Cannot Reproduce","Aug-26","21-Aug-2026","","0"
"1535836","Financials: when user clicks on financial data is not getting loaded some time user has to reload page only then data comes","Aurigo Plan 2.0","Done","Aug-26","24-Aug-2026","","0"
"1535841","Project Funding: Adding a checkbox to the Project Funding grid would enhance the selection experience.","Aurigo Plan 2.0","Done","Aug-26","24-Aug-2026","","0"
"1535843","Project Funding: Once an extra row is added to the grid to input a fund source, it cannot be deleted","Aurigo Plan 2.0","Done","Aug-26","24-Aug-2026","","0"
"1535845","Project Funding: Fund source Delete issues","Aurigo Plan 2.0","Reopened","Aug-26","24-Aug-2026","","0"
"1536160","Snapshot: UI icon looks odd for open financials model.","Aurigo Plan 2.0","Done","Aug-26","24-Aug-2026","","0"
"1536161","App Setting: All the default values for the newly created tenant are not reflected in the settings page","Aurigo Plan 2.0","Done","Aug-26","24-Aug-2026","","0"
"1536396","Project Funding: An extra space that highlights on hover is visible on the ""Configure Funding Policies"" pop-up.","Aurigo Plan 2.0","Done","Aug-26","25-Aug-2026","","0"
"1536403","Model Level Snapshotting: Model Level Snapshotting pop-up is cropped when more snapshots are present","Aurigo Plan 2.0","Done","Aug-26","25-Aug-2026","","0"
"1536492","Project Funding: Add fund Source icon gets disabled after adding one fund source to newly created project","Aurigo Plan 2.0","Done","Aug-26","25-Aug-2026","","0"
"1536504","Project funding: When exceeding percentage is entered in project funding 500 error is displayed","Aurigo Plan 2.0","Done","Aug-26","25-Aug-2026","","0"
"1536511","Project Funding: With Fixed Amount enabled, the first funds added right after switching to project or attribute level are not converted to a fixed amount","Aurigo Plan 2.0","Done","Aug-26","25-Aug-2026","","0"
"1536640","Fund detailing: overallocated budget should be in red color in bar graph indicator","Aurigo Plan 2.0","Done","Aug-26","25-Aug-2026","","0"
"1536641","Plan> Cashflow: When the ""Group by Fund Source"" filter is applied and ""Add Projects"" is clicked, no projects are displayed in the Project List even though published Projects are present","Aurigo Plan 2.0","Done","Aug-26","25-Aug-2026","","0"
"1536674","Fund Detailing: Page loads twice when switching forms[Project funding & ROI]","Aurigo Plan 2.0","Done","Aug-26","25-Aug-2026","","0"
"1536750","Snapshot: View funding issue>apply the changes and click on save 500 error displayed","Aurigo Plan 2.0","Done","Aug-26","25-Aug-2026","","0"
"1536751","Snapshot: Apply and cancel is not visible to user","Aurigo Plan 2.0","Done","Aug-26","25-Aug-2026","","0"
"1536997","Project Funding: After adding the first fund source to the project, clicking 'Add Fund Source' does not add a new row.","Aurigo Plan 2.0","Done","Aug-26","26-Aug-2026","","0"
"1537043","Snapshot: When compared two changes, instead of unit hashing[#] is displayed","Aurigo Plan 2.0","Done","Aug-26","26-Aug-2026","","0"
"1537068","Snapshot: When user switch to gantt view, project status is having UI issue","Aurigo Plan 2.0","Done","Aug-26","26-Aug-2026","","0"
"1537094","Fund detailing: When budget attribute value is lengthy then in project funding summary truncation is not happening","Aurigo Plan 2.0","Done","Aug-26","26-Aug-2026","","0"
"1537104","Version History > Compare Snapshots : Newer and Older details is incorrect","Aurigo Plan 2.0","QA in Progress","Aug-26","26-Aug-2026","","0"
"1537260","Compare Snapshots / Compare Models : ROI grid doesn't display any records even though it has revisions with data","Aurigo Plan 2.0","New","Aug-26","27-Aug-2026","","0"
"1537266","Snapshot: Intermittently, an unexpected toast message appears when navigating between different modules and forms","Aurigo Plan 2.0","Done","Aug-26","27-Aug-2026","","0"
"1537267","opentelemetry.exporter.opentelemetryprotocol.1.10.0.nupkg - Medium","Aurigo Plan 2.0","New","Aug-26","27-Aug-2026","Security","0"
"1537270","anglesharp.0.17.1.nupkg - Medium","Aurigo Plan 2.0","New","Aug-26","27-Aug-2026","Security","0"
"1537271","kubernetesclient.14.0.2.nupkg - Medium","Aurigo Plan 2.0","New","Aug-26","27-Aug-2026","Security","0"
"1537273","Charters: When special characters are entered in name and few fields on save 400 error with invalid message is displayed","Aurigo Plan 2.0","QA in Progress","Aug-26","27-Aug-2026","","0"
"1537275","microsoft.aspnetcore.odata.9.0.0.nupkg - High","Aurigo Plan 2.0","New","Aug-26","27-Aug-2026","Security","0"
"1537277","automapper.12.0.1.nupkg - High","Aurigo Plan 2.0","New","Aug-26","27-Aug-2026","Security","0"
"1537321","react-dev-utils-12.0.1.tgz - High","Aurigo Plan 2.0","New","Aug-26","27-Aug-2026","Security","0"
"1537328","ej2-base-29.1.36.tgz & ej2-base-29.2.11.tgz -  Medium","Aurigo Plan 2.0","New","Aug-26","27-Aug-2026","Security","0"
"1537333","exceljs-4.4.0.tgz - High","Aurigo Plan 2.0","New","Aug-26","27-Aug-2026","Security","0"
"1537462","Projects>ArcGis: when a drawn sketch is saved on the Plan Build, it is discarded and an error toast message is displayed instead.","Aurigo Plan 2.0","New","Aug-26","27-Aug-2026","","0"
"1537664","ArcGIS: When line layer is deleted in plan user can still see it post save","Aurigo Plan 2.0","New","Aug-26","27-Aug-2026","","0"
"1537665","ArcGIS: Create a line layer and double click on the line and click save","Aurigo Plan 2.0","New","Aug-26","27-Aug-2026","","0"
"1537667","ArcGIS: On adding line layer some time 2 lines can be seen purple and green for a single drawn line.","Aurigo Plan 2.0","New","Aug-26","27-Aug-2026","","0"
"1537669","ArcGIS: Integration sync mode & attribute mapping tooltip info is displayed twice","Aurigo Plan 2.0","New","Aug-26","27-Aug-2026","","0"
"1537671","ArcGIS: Reset map symbol has issue","Aurigo Plan 2.0","New","Aug-26","27-Aug-2026","","0"
"1537710","[Performance Bug] - Load test reported 409-Conflict error after 30mins of test & Cashflow tab failed to render the data","Aurigo Plan 2.0","Done","Aug-26","27-Aug-2026","","0"
"1537759","ArcGIS: Outbound feature Issue","Aurigo Plan 2.0","New","Aug-26","28-Aug-2026","","0"
"1537761","ArcGIS: The Sync button intermittently displays an error message.","Aurigo Plan 2.0","New","Aug-26","28-Aug-2026","","0"
"1537762","ArcGIS: User is able to add duplicate records in the ArcGIS configuration for editable layer bindings","Aurigo Plan 2.0","New","Aug-26","28-Aug-2026","","0"
"1537903","Project Scoring: When allocating fund sources at the item level, larger numbers get cropped in the fund source cards.","Aurigo Plan 2.0","Done","Aug-26","28-Aug-2026","","0"
"1537911","Snapshot: version history>When the version name is lengthy the UI issue observed","Aurigo Plan 2.0","Done","Aug-26","28-Aug-2026","","0"
"1537912","Snapshot: Version history>excel export is not working","Aurigo Plan 2.0","New","Aug-26","28-Aug-2026","","0"
"1537950","ArcGIS: feature line added in the Plan Build are only seen in the View mode after clicking the sync with ArcGis","Aurigo Plan 2.0","New","Aug-26","28-Aug-2026","","0"
"1537987","Plan: Scenario: When there is no planning budget still funding issue validation is displayed","Aurigo Plan 2.0","New","Aug-26","28-Aug-2026","","0"
"1537990","Snapshot: in compare option>if user search by any saved name then Pending is still displayed","Aurigo Plan 2.0","New","Aug-26","28-Aug-2026","","0"
"1538006","ArcGIS: feature line layer added in the ArcGIS are not synced to the Plan Build even after syncing the changes when the Filter By project toggle is on","Aurigo Plan 2.0","New","Aug-26","28-Aug-2026","","0"
"1464315","Forecast creation allowed for BER without revision items","AurigoMasterworks","New","Apr-26","02-Apr-2026","Product Management","0"
"1464423","[Generic]In BE Forecast Items Ignore Parent Container Dates and Default to Project Dates After Template Merge","AurigoMasterworks","Done","Apr-26","02-Apr-2026","Product Engineering","0"
"1465033","UT bug - Dates of merged container in forecast should not change after approval in the existing forecasts before merge","AurigoMasterworks","Done","Apr-26","06-Apr-2026","Product Engineering","0"
"1466019","[Feature]When Allocation Amount is zero at Form Level user is unable to save the Pop-up.","AurigoMasterworks","Done","Apr-26","07-Apr-2026","Product Engineering","0"
"1466594","Add Resource button state not updating properly in Resource Title Allocation grid","AurigoMasterworks","New","Apr-26","08-Apr-2026","Product Engineering","0"
"1467232","[Generic]Application Error when user tries to Excel Export from User Permissions.","AurigoMasterworks","Done","Apr-26","09-Apr-2026","Product Engineering","0"
"1467286","[Legacy]Deleted Level1 Program Budget is getting replaced after Approval of Level 2 Program.","AurigoMasterworks","Done","Apr-26","09-Apr-2026","Product Engineering","0"
"1467299","[Legacy]: Scroll bar is not coming when the planned projects grid popup has 6-7 records in the Program form","AurigoMasterworks","New","Apr-26","09-Apr-2026","Product Engineering","0"
"1467623","[Legacy]When ""Budget/Forecast Revision Review Required?"" setting is disabled user is unable to approve BER via Program.","AurigoMasterworks","Done","Apr-26","10-Apr-2026","Product Engineering","0"
"1467853","[feature]Discrepancy in BE/BER forecast dates when Phases are synced.","AurigoMasterworks","Done","Apr-26","10-Apr-2026","Product Engineering","0"
"1469068","Engage - Sample campaign public portal not working","AurigoMasterworks","Approved","Apr-26","15-Apr-2026","Product Management","0"
"1469906","Work Order Revision - Verify the validations in New Work Order Revision Item page","AurigoMasterworks","New","Apr-26","16-Apr-2026","Product Engineering","0"
"1470236","[Feature]When ""Restore "" is done on Merged Phase the colour and description are reset back to Budget Estimate Template.","AurigoMasterworks","Done","Apr-26","17-Apr-2026","Product Engineering","0"
"1470270","SCON_Non-Admin, update action is captured for the records updated via Excel in DPR and Item Posting","AurigoMasterworks","New","Apr-26","20-Apr-2026","Product Engineering","0"
"1470290","Attachment Section: Folder structure is not getting displayed to link Documents if permissions are removed for the folder which has child folders","AurigoMasterworks","Done","Apr-26","20-Apr-2026","Product Engineering","0"
"1470315","creation and edit of submittals and transmittals from non-admin user","AurigoMasterworks","Done","Apr-26","20-Apr-2026","Product Engineering","0"
"1470452","[Feature]: The Allocated Amount Value in PFL is not resetting after deleting the contracts","AurigoMasterworks","Done","Apr-26","20-Apr-2026","Product Engineering","0"
"1470678","[Feature]Total Amount Validation:Allows Equal split but rejects Unequal split.","AurigoMasterworks","Done","Apr-26","21-Apr-2026","Product Engineering","0"
"1470928","Planned Projects-Upgrade| Consolidated Product issues.","AurigoMasterworks","New","Apr-26","21-Apr-2026","Solution Engineering","1"
"1471801","[Feature]When User Deletes and add the same phase in same BER issues in Forecast.","AurigoMasterworks","Approved","Apr-26","23-Apr-2026","Product Engineering","0"
"1472060","[Feature]Different Behavior in the Forecast of BER when Phases are Merged and Phases are Modified.","AurigoMasterworks","Approved","Apr-26","23-Apr-2026","Product Engineering","0"
"1472098","Product Bug: Planned Projects-Upgrade: Font of section headers are changing upon selection","AurigoMasterworks","New","Apr-26","23-Apr-2026","Solution Engineering","1"
"1473520","[Feature] User encounters ""Request Failed"" after clicking on Yes/No in logout options for AIS enabled build","AurigoMasterworks","Done","Apr-26","28-Apr-2026","Product Engineering","0"
"1474112","[Feature]Error Message is displayed when ever user tries to Edit the Dirty Flag and save for the First Time.","AurigoMasterworks","New","Apr-26","29-Apr-2026","Product Engineering","0"
"1475393","[Legacy] Project Phases : Wrong error message appears when phase date exceeds project end date","AurigoMasterworks","Done","May-26","04-May-2026","Product Engineering","0"
"1475700","[Product - 26.0] Right-click options (Open in New Tab / New Window, etc.) not visible in 26.0 build (working in 26.1)","AurigoMasterworks","Need More Info","May-26","05-May-2026","Product Engineering","0"
"1475885","verification of edited submittal in submittal package audit log records (update action)","AurigoMasterworks","Approved","May-26","05-May-2026","Product Engineering","0"
"1476407","[Legacy] RFI : Contract ID is displayed instead of Contract Name in Details Report","AurigoMasterworks","Approved","May-26","06-May-2026","Product Engineering","0"
"1476524","[Legacy] Project Fund Transaction: '$' symbol missing in 'Available Amount in Fund Source($)' value in Details Report","AurigoMasterworks","Done","May-26","06-May-2026","Product Engineering","0"
"1477296","[Feature] User sees a warning popup even when no one other than themselves has edited the task","AurigoMasterworks","Done","May-26","08-May-2026","Product Engineering","0"
"1478789","Issue Log and Risk Register - Non Admin user is not able to edit the records which has contract","AurigoMasterworks","Done","May-26","12-May-2026","Solution Engineering","1"
"1479923","Non Admin Login -> Getting application error when trying to login with non admin role, when user session expired or when previous user cookies stored.","AurigoMasterworks","New","May-26","14-May-2026","Demo","0"
"1480263","Data in the form is cleared on uploading multiple files(one by one) in attachment section of forms","AurigoMasterworks","Approved","May-26","15-May-2026","Product Engineering","0"
"1480649","runtime-7.29.2.tgz","AurigoMasterworks","Done","May-26","18-May-2026","Security","0"
"1480652","[Generic]Mail Ids needs to be removed from WebConfig_appSettings.config & WebConfig_appSettings.config_ files.","AurigoMasterworks","Done","May-26","18-May-2026","Product Engineering","0"
"1480890","[Feature] Incorrect timeout message displayed after prolonged user inactivity","AurigoMasterworks","Done","May-26","19-May-2026","Product Engineering","0"
"1480951","Delete is not working for the Documents folder","AurigoMasterworks","Done","May-26","19-May-2026","Product Engineering","0"
"1481364","Newtonsoft.Json.Schema-3.0.15.28029.dll","AurigoMasterworks","New","May-26","20-May-2026","Security","0"
"1481747","Item Posting -> Manually enterted posted date is vanishing after clicking on tab key and  on using up and down key's item posted date is not changing","AurigoMasterworks","New","May-26","21-May-2026","Demo","0"
"1481761","[Legacy]Sorting is not working in MOH Item Pop-up.","AurigoMasterworks","Approved","May-26","21-May-2026","Product Engineering","0"
"1481795","[Feature] User gets Request Failed message when clicked multiple times on 'Yes' for logging out of identity server","AurigoMasterworks","Approved","May-26","21-May-2026","Product Engineering","0"
"1481866","[Legacy] On creating a Copy of Project in Projects module, new copied project is displayed in Projects listpage in Draft stage instead of Planned Projects list page","AurigoMasterworks","Done","May-26","21-May-2026","Product Engineering","0"
"1482500","Program: Getting Data base Error when the workflow action is performed on the second level program","AurigoMasterworks","Done","May-26","22-May-2026","Product Engineering","0"
"1482554","[Legacy] Project Details: On entering large value for Goal/Objective in Strategic Goals/Strategic Objectives and clicking Save & Continue/Exit, Goals/Objectives are getting deleted","AurigoMasterworks","Done","May-26","22-May-2026","Product Engineering","0"
"1482786","Unit Testing Bug : Item Posting Sub item cant import the item with 2 empty sub item description of same parent","AurigoMasterworks","Done","May-26","25-May-2026","Product Engineering","0"
"1482990","Adobe & Docusign: Signed copy is not downloading in the pdf format","AurigoMasterworks","Done","May-26","25-May-2026","Product Engineering","0"
"1484151","Build deployment failed at CONTDWR module - Error: Invalid column name 'SubItemID'","AurigoMasterworks","New","May-26","28-May-2026","Performance","0"
"1484187","[Feature] Item Posting : User is able to change sub item description via excel import","AurigoMasterworks","Done","May-26","28-May-2026","Product Engineering","0"
"1486672","[Feature]Sub Item description is not visible in Pay Estimate Work Done Grid.","AurigoMasterworks","Done","Jun-26","01-Jun-2026","Product Engineering","0"
"1486919","[Feature]Marking a Subitem as IsComplete Incorrectly Completes All Subitems and Removes Other Items from Grid.","AurigoMasterworks","Done","Jun-26","01-Jun-2026","Product Engineering","0"
"1487028","Attachments/Documents>>Title field is not updating the value, on file upload","AurigoMasterworks","New","Jun-26","02-Jun-2026","Product Engineering","0"
"1487395","Contract Change Order Creation Fails Due to Data Type Conversion Error","AurigoMasterworks","New","Jun-26","02-Jun-2026","Performance","0"
"1488136","[Legacy] Item Posting : User is able to post item quantity greater than contract quantity even when setting is OFF","AurigoMasterworks","Done","Jun-26","03-Jun-2026","Product Engineering","0"
"1488223","[Feature]User is able to do Multiple Postings for the same remaining quantity in MOH","AurigoMasterworks","Done","Jun-26","03-Jun-2026","Product Engineering","0"
"1488944","[Legacy]Unable to reduce quantity of  subItem in Change Order.","AurigoMasterworks","Dev Completed","Jun-26","04-Jun-2026","Product Engineering","0"
"1489583","[Generic] Unable to upload document in MW when Leadtool site is not accessible.","AurigoMasterworks","New","Jun-26","05-Jun-2026","Product Engineering","0"
"1489693","Documents Import: Getting file already exist toast message, on uploading the file which is not present in the documents via import","AurigoMasterworks","New","Jun-26","07-Jun-2026","Product Engineering","0"
"1489694","Documents Import: File already exist validation is seen only after save button is clicked in the home level documents","AurigoMasterworks","New","Jun-26","07-Jun-2026","Product Engineering","0"
"1489695","Attachments: Rows get swapped on performing some abode/Docusign operations like cancel/resend signature","AurigoMasterworks","Done","Jun-26","07-Jun-2026","Product Engineering","0"
"1489727","User is unable to edit or view Change Order","AurigoMasterworks","Done","Jun-26","08-Jun-2026","Solution Engineering","1"
"1489764","[Feature]SubItem which is marked as Complete still available in MOH add Item Grid.","AurigoMasterworks","Done","Jun-26","08-Jun-2026","Product Engineering","0"
"1489802","[Generic]: Scratch build is failing","AurigoMasterworks","Done","Jun-26","08-Jun-2026","Product Engineering","0"
"1490378","[ADOT] DocuSign Integration: Values disappearing for Signed Copy column when clicked on Get Signing Status for Sent Documents","AurigoMasterworks","New","Jun-26","08-Jun-2026","Solution Engineering","1"
"1490380","[ADOT] DocuSign Integration: Incorrect Validation Message and Non-Functional “Get Signing Status” & “Get Signed Copy” Buttons","AurigoMasterworks","New","Jun-26","08-Jun-2026","Solution Engineering","1"
"1490981","[Feature]When there is only one subItem item description is appearing in payitem no instead of Sub Item description.","AurigoMasterworks","Done","Jun-26","10-Jun-2026","Product Engineering","0"
"1492075","[Generic]Completed Item added again through Change Order not Visible in Item Posting and MOH grid.","AurigoMasterworks","New","Jun-26","12-Jun-2026","Product Engineering","0"
"1494908","UI Issues in the ""Assign Funds -Projects"" views","AurigoMasterworks","Done","Jun-26","17-Jun-2026","Product Engineering","0"
"1494918","[COT]-->[Fund Availability v/s Project Requirement Report]---> UnAllocated amount column is displaying the empty value.","AurigoMasterworks","New","Jun-26","17-Jun-2026","Solution Engineering","1"
"1496431","[Legacy] Budget Estimate : Sub items are not getting updated when Item unit is changed to lumpsum","AurigoMasterworks","Approved","Jun-26","18-Jun-2026","Product Engineering","0"
"1496862","Annotations: Getting error message when user tries to edit/consolidate the AutoCAD files","AurigoMasterworks","New","Jun-26","19-Jun-2026","Product Engineering","0"
"1496922","The Session Timeout message is rendering with a transparent background","AurigoMasterworks","New","Jun-26","19-Jun-2026","Product Engineering","0"
"1497179","[Legacy] Program Forecast : Application error when navigating to program forecast for 2 level program","AurigoMasterworks","Done","Jun-26","22-Jun-2026","Product Engineering","0"
"1497836","FHWA: Adhoc reports - Sorting based on Actual Date not month Last modified Date","AurigoMasterworks","New","Jun-26","23-Jun-2026","Customer","1"
"1498231","Budget Estimate: listpage is broken","AurigoMasterworks","Done","Jun-26","24-Jun-2026","Product Engineering","0"
"1498254","Minutes of Meeting - Unable to save: Assigned To mandatory error in Action Items grid on Save","AurigoMasterworks","Done","Jun-26","24-Jun-2026","Product Engineering","0"
"1498263","Daily Progress Report: Save fails with ""If Others Please Specify is mandatory in Equipment grid"" — blocks DPR creation","AurigoMasterworks","Done","Jun-26","24-Jun-2026","Product Engineering","0"
"1498288","Schedule Page keeps loading with no results","AurigoMasterworks","New","Jun-26","24-Jun-2026","Sustenance Engineering","1"
"1498377","[Legacy] BE and BER: User entered value is not getting saved in 'Notes' field, 'Budget Planning Notes' is getting updated automatically after record is created","AurigoMasterworks","New","Jun-26","24-Jun-2026","Product Engineering","0"
"1498758","[Generic]Projects displayed in the Project Grid on the Program Revision page are incorrectly appearing in green Colour.","AurigoMasterworks","Done","Jun-26","25-Jun-2026","Product Engineering","0"
"1498782","App Settings: Save is not working in the app settings","AurigoMasterworks","New","Jun-26","25-Jun-2026","Product Engineering","0"
"1499554","[Feature] Reassign Fund List Page Report : Few columns are not visible in List Page report","AurigoMasterworks","Done","Jun-26","26-Jun-2026","Product Engineering","0"
"1501989","[Generic]: Scratch build is failing for cloudrelease build","AurigoMasterworks","Done","Jun-26","29-Jun-2026","Product Engineering","0"
"1508269","[Planning - Scratch Build Issue]: Planned project listpage is broken","AurigoMasterworks","Done","Jul-26","01-Jul-2026","Product Engineering","0"
"1508274","[No Planning - Scratch Build]: Application Error on creating a new Project","AurigoMasterworks","Done","Jul-26","01-Jul-2026","Product Engineering","0"
"1508286","Excel Import issues in Budget estimate Item","AurigoMasterworks","Approved","Jul-26","01-Jul-2026","Product Engineering","0"
"1509507","[Feature] Program | Issues observed in Program Details","AurigoMasterworks","Done","Jul-26","01-Jul-2026","Product Engineering","0"
"1509563","[Feature Sanity] Schedule: Warning message is not displaying on Concurrent Edit of the Same Task","AurigoMasterworks","Done","Jul-26","01-Jul-2026","Product Engineering","0"
"1509729","[Sanity]User is able to OverPost in MOH when decimal values for recovery quantity involved.","AurigoMasterworks","Done","Jul-26","01-Jul-2026","Product Engineering","0"
"1509735","[Sanity]Unable to Create Change Order in Mcon and Scon Build","AurigoMasterworks","Done","Jul-26","01-Jul-2026","Product Engineering","0"
"1509738","[Smoke] Created planned project is not shown in the planned project listpage","AurigoMasterworks","Done","Jul-26","01-Jul-2026","Automation","0"
"1510219","High Vulnerability detected - brace-expansion-1.1.15.tgz","AurigoMasterworks","New","Jul-26","02-Jul-2026","Security","0"
"1510458","[Smoke] Application error on clicking settings icon in DPR / Item posting page","AurigoMasterworks","Done","Jul-26","03-Jul-2026","Automation","0"
"1510817","[legacy]System considers unapproved draft records in quantity validation causing incorrect ""Limit Exceeded"" error.","AurigoMasterworks","New","Jul-26","03-Jul-2026","Product Engineering","0"
"1510827","[Feature Sanity]: Schedule: When 2 users add both parent and child tasks at the same time all the child tasks are added under the same parent","AurigoMasterworks","Done","Jul-26","04-Jul-2026","Product Engineering","0"
"1510838","[Regression]Schedule:when Quantity in units are filled and clicked outside the Utilization per day in becomes Zero.","AurigoMasterworks","New","Jul-26","05-Jul-2026","Product Engineering","0"
"1511000","[Regression]User is able to update Schedule Task End date beyond Project End Date.","AurigoMasterworks","Done","Jul-26","06-Jul-2026","Product Engineering","0"
"1511018","[Regression] Notification Scheduler: Emails are not received for rules configured with the Current Date resolver","AurigoMasterworks","Done","Jul-26","06-Jul-2026","Product Engineering","0"
"1511021","[Regression] Notification Scheduler: Emails are not triggered for few controls processed for forms enabled in Notification Scheduler","AurigoMasterworks","Done","Jul-26","06-Jul-2026","Product Engineering","0"
"1511124","[Legacy]Amount Related fields throw error during Excel import when culture is set to non-US in Schedule.","AurigoMasterworks","Dev in progress","Jul-26","06-Jul-2026","Product Engineering","0"
"1511190","[Regression] Form Builder > Business Logic: Business Logic is not executed when the ""Get Workflow Status for Current Form"" block is used in the Workflow Action Complete event","AurigoMasterworks","Done","Jul-26","06-Jul-2026","Product Engineering","0"
"1511784","Audit Log Entries Do Not Match BER Item Page Data","AurigoMasterworks","New","Jul-26","07-Jul-2026","Product Engineering","0"
"1511944","Total Revised Budget is not updating after adding sub items to any item","AurigoMasterworks","Approved","Jul-26","07-Jul-2026","Product Engineering","0"
"1512100","Restore Icon is disabled for existing containers","AurigoMasterworks","New","Jul-26","07-Jul-2026","Product Engineering","0"
"1512128","User is able to add Sub-Items to Non Contract Items in Change Order","AurigoMasterworks","New","Jul-26","07-Jul-2026","Product Engineering","0"
"1512430","[Legacy]: Server Error on Creating new record in Form Builder when the culture is non US","AurigoMasterworks","Dev in progress","Jul-26","08-Jul-2026","Product Engineering","0"
"1512559","Add Multiple functionality fails to create or reuse the 'Default' container for items(Master Contract)","AurigoMasterworks","New","Jul-26","08-Jul-2026","Product Engineering","0"
"1512560","[Legacy] Library - Standard Items: Getting Object reference error during import","AurigoMasterworks","Need More Info","Jul-26","08-Jul-2026","Product Engineering","0"
"1512561","Refresh Line Number is not working for Budget Estimate Revision And Master Contract","AurigoMasterworks","New","Jul-26","08-Jul-2026","Product Engineering","0"
"1512586","Encroachment>> Invalid data accepted during workflow submission","AurigoMasterworks","Approved","Jul-26","08-Jul-2026","Solution Engineering","1"
"1512718","[Legacy]Program Approval fails after 2nd BE Forecast Rejection.","AurigoMasterworks","New","Jul-26","08-Jul-2026","Product Engineering","0"
"1512775","[Legacy] Change Password hyperlink is not working in View Profile popup","AurigoMasterworks","New","Jul-26","09-Jul-2026","Product Engineering","0"
"1512802","[Toronto] Schedule page issues in New UI - 26.x.x","AurigoMasterworks","Dev Completed","Jul-26","09-Jul-2026","BA","0"
"1513076","Medium Severity Vulnerablity in Masterworks - MailKit-2.0.3.0.dll","AurigoMasterworks","New","Jul-26","09-Jul-2026","Security","0"
"1514378","[Legacy] Item Posting Report : 'Needs Attention' status not refreshing on reports after approval of an old record","AurigoMasterworks","New","Jul-26","13-Jul-2026","Product Engineering","0"
"1514541","Critical Severity Vulnerability in Masterworks - uuid-7.0.3.tgz","AurigoMasterworks","New","Jul-26","13-Jul-2026","Security","0"
"1514544","High/low Severity Vulnerability in Masterworks - node-fetch-2.6.0.tgz","AurigoMasterworks","New","Jul-26","13-Jul-2026","Security","0"
"1514546","High/Medium Severity Vulnerabilities in Masterworks - azure.identity.1.7.0.nupkg","AurigoMasterworks","New","Jul-26","13-Jul-2026","Security","0"
"1514557","High Severity Vulnerability in Masterworks - system.text.json.7.0.0.nupkg","AurigoMasterworks","New","Jul-26","13-Jul-2026","Security","0"
"1514573","Critical Severity Vulnerability in Masterworks - RazorEngine-3.7.3.dll","AurigoMasterworks","New","Jul-26","13-Jul-2026","Security","0"
"1514581","High Severity Vulnerability in Masterworks - newtonsoft.json.12.0.3.nupkg","AurigoMasterworks","New","Jul-26","13-Jul-2026","Security","0"
"1514604","Medium Severity Vulnerability in Masterworks - log4net.2.0.15.nupkg","AurigoMasterworks","New","Jul-26","13-Jul-2026","Security","0"
"1514605","High Severity Vulnerability in Masterworks - microsoft.data.sqlclient.5.1.1.nupkg","AurigoMasterworks","New","Jul-26","13-Jul-2026","Security","0"
"1514615","High Severity Vulnerability in Masterworks - system.formats.asn1.5.0.0.nupkg","AurigoMasterworks","New","Jul-26","13-Jul-2026","Security","0"
"1514617","Medium Severity Vulnerability in Masterworks - system.identitymodel.tokens.jwt.6.24.0.nupkg","AurigoMasterworks","New","Jul-26","13-Jul-2026","Security","0"
"1514620","Medium Severity Vulnerability in Masterworks - microsoft.identitymodel.jsonwebtokens.6.24.0.nupkg","AurigoMasterworks","New","Jul-26","13-Jul-2026","Security","0"
"1514676","License issues in Masterworks Cloud","AurigoMasterworks","New","Jul-26","13-Jul-2026","Security","0"
"1515658","[Feature]User is able to associate same fund many Times for the Project.","AurigoMasterworks","Done","Jul-26","14-Jul-2026","Product Engineering","0"
"1517983","[Feature] Add/Delete buttons are visible in view mode in Assign - Funds Project View","AurigoMasterworks","Done","Jul-26","15-Jul-2026","Product Engineering","0"
"1519090","[Feature] Program Revision Forecast : Already existing fund gets deleted on page reload if newly added fund is deleted","AurigoMasterworks","Done","Jul-26","15-Jul-2026","Product Engineering","0"
"1519884","[Legacy] Program Forecast: Few Issues while using the Print option for the views","AurigoMasterworks","New","Jul-26","16-Jul-2026","Product Engineering","0"
"1520805","[Feature] ""Program"": Budget value is not showing up in Gantt chart in Program Forecast page","AurigoMasterworks","Done","Jul-26","17-Jul-2026","Product Engineering","0"
"1520819","[Requirement] The question mark icon is not visible to the user for old funds on the Fund Source Details page","AurigoMasterworks","Done","Jul-26","17-Jul-2026","Product Engineering","0"
"1521182","Fund Data Lost After Switching Funds and Refreshing the Page","AurigoMasterworks","Done","Jul-26","20-Jul-2026","Product Engineering","0"
"1522197","[Legacy]Selecting and Deselecting Projects Fails to Refresh Calculated Values","AurigoMasterworks","New","Jul-26","22-Jul-2026","Product Engineering","0"
"1522311","Fund Assignment Allows Previous-Year Start Date, Causing Forecast Amount and Year to Reset to 0.00","AurigoMasterworks","Done","Jul-26","22-Jul-2026","Product Engineering","0"
"1522685","[Legacy]Basic View Unavailable in Level 1 Forecast After Accepting Flag for Project Start Date Change in Level 2.","AurigoMasterworks","New","Jul-26","23-Jul-2026","Product Engineering","0"
"1522689","[Feature]Save Validation of Insufficient funds is not available.","AurigoMasterworks","Done","Jul-26","23-Jul-2026","Product Engineering","0"
"1523250","[Feature] After deleting funds under Reserve Fund/Projects, on click of Save and Forecast error message is getting displayed","AurigoMasterworks","Done","Jul-26","24-Jul-2026","Product Engineering","0"
"1523342","Budget Value Not Displayed in Forecast Snapshot Gantt View Tooltip","AurigoMasterworks","New","Jul-26","24-Jul-2026","Product Engineering","0"
"1523355","[Legacy] Planning - Report Gallery: Project Fund Forecast Report shows No Data even if budget/funds exist for the Project","AurigoMasterworks","New","Jul-26","24-Jul-2026","Product Engineering","0"
"1523475","[Requirement]When user  Modifies the Project start date in Revision the Project is not turning to BLUE colour.","AurigoMasterworks","New","Jul-26","24-Jul-2026","Product Engineering","0"
"1523541","[Generic]When Changes Done from assign Fund View in Level 1 is not triggering Flag in Level 2.","AurigoMasterworks","Done","Jul-26","24-Jul-2026","Product Engineering","0"
"1523656","Verify the More Button Is Hidden When No Options Are Available","AurigoMasterworks","New","Jul-26","27-Jul-2026","Product Engineering","0"
"1523860","[Feature] Autogenerated 'To Year' value doesn't match 'From Year' value even if it exists in the dropdown","AurigoMasterworks","Done","Jul-26","27-Jul-2026","Product Engineering","0"
"1524009","[Requirement]When a user deletes an existing reserve fund in the revision, they are still able to make transactions","AurigoMasterworks","New","Jul-26","28-Jul-2026","Product Engineering","0"
"1524285","[Legacy]DB Error Thrown When Entering More Than 14 Digits in the Add Funds Field","AurigoMasterworks","New","Jul-26","28-Jul-2026","Product Engineering","0"
"1524294","[Feature] Fund Record Disappears After Saving Program-to-Program Reassignment with a 20+ Digit Amount","AurigoMasterworks","Done","Jul-26","28-Jul-2026","Product Engineering","0"
"1524858","[Feature]: When a source/destination program has InProgress revision, and user creates Fund Transfer record and try to approve, its throwing an error message","AurigoMasterworks","Done","Jul-26","29-Jul-2026","Product Engineering","0"
"1524955","[ScratchBuild] Deployment is failing at module upload","AurigoMasterworks","Done","Jul-26","30-Jul-2026","Product Engineering","0"
"1525300","[Requirement]ReassignFunds - Approved Transfer Amount Not Applied to Latest Approved Revision — No Validation Error Triggered When Destination Program Has a Newer Approved Revision","AurigoMasterworks","New","Jul-26","30-Jul-2026","Product Engineering","0"
"1528007","[Feature Sanity]Remaining amount is not updated in the Basic View","AurigoMasterworks","Done","Aug-26","04-Aug-2026","Product Engineering","0"
"1528112","[Feature Sanity] Program Forecast Amount Cells Reset to 0.00 When Selecting or Deselecting Projects","AurigoMasterworks","Done","Aug-26","04-Aug-2026","Product Engineering","0"
"1528172","[Performance Bug] - Timeout Error While Saving Program with 200 Published Projects","AurigoMasterworks","Dev in progress","Aug-26","04-Aug-2026","Performance","0"
"1529264","[Generic] [Intermittent] Program[Reassign funds]: Reassign Funds toolbar option shows only when user selects the records in Program List page","AurigoMasterworks","New","Aug-26","05-Aug-2026","Product Engineering","0"
"1529354","[Legacy]When Phases dates are changed in Foreacst Project Duration is increased.","AurigoMasterworks","New","Aug-26","05-Aug-2026","Product Engineering","0"
"1529355","[Leagcy]When Project start date is changed in 'Fund category-Projects' view the Forecast does not update after clicking outside.","AurigoMasterworks","New","Aug-26","05-Aug-2026","Product Engineering","0"
"1529556","[Legacy]When Program Budget yearly value is 10 billion ""Program Budget vs Fund Forecast Report"" is not working.","AurigoMasterworks","New","Aug-26","06-Aug-2026","Product Engineering","0"
"1529568","[Generic]When user adds Projects/Programs without adding Program Year Program Budget Grid added with 50 Year distribution.","AurigoMasterworks","New","Aug-26","06-Aug-2026","Product Engineering","0"
"1531073","Program Revision | 'Update Forecast' is wiping out assigned Funds","AurigoMasterworks","Done","Aug-26","11-Aug-2026","Solution Engineering","1"
"1533201","[Feature]: When an item posting for which quantity is fully posted, the corresponding subitem migration does not occur","AurigoMasterworks","New","Aug-26","18-Aug-2026","Product Engineering","0"
"1533483","[Feature]Recovery Quantity value is shows wrong Value for subItems after Migration.","AurigoMasterworks","New","Aug-26","18-Aug-2026","Product Engineering","0"
"1533873","[Feature]: Approved item posting subitem values show a discrepancy after change orders are created","AurigoMasterworks","New","Aug-26","19-Aug-2026","Product Engineering","0"
"1536365","[Legacy]When 2 Decimal places for amount field is set there is issue in Budget Total Amount.","AurigoMasterworks","New","Aug-26","25-Aug-2026","Product Engineering","0"
"1536409","[Legacy]User is unable to Create Final Payestimate eventhough Balance Change Order is created.","AurigoMasterworks","New","Aug-26","25-Aug-2026","Product Engineering","0"
"1536604","[Legacy]Forecast navigation from BER List page fails with incorrect 'add atleast one Item' validation when BER was saved without visiting Forecast tab.","AurigoMasterworks","New","Aug-26","25-Aug-2026","Product Engineering","0"
"1536642","Notification on workflow action of BER + ToolTip","AurigoMasterworks","Done","Aug-26","25-Aug-2026","Product Engineering","0"
"1536823","Top Down Funding | Deleting assigned funds from Program Revision","AurigoMasterworks","New","Aug-26","26-Aug-2026","Solution Engineering","1"
"1538216","[Feature]Deleted Items are visible in Approved Records and Current Budget.","AurigoMasterworks","New","Aug-26","28-Aug-2026","Product Engineering","0"
"1538457","[Feature]Update Program Budget button is not Available for Revision Records.","AurigoMasterworks","Committed","Aug-26","31-Aug-2026","Product Engineering","0"
"1538964","Program Revision> List Page not showing the latest revision record","AurigoMasterworks","New","Sep-26","01-Sep-2026","Solution Engineering","1"
"1463615","Overlapping Text with column header during Export","MW Platform 2.0","Dev Completed","Apr-26","01-Apr-2026","Product Engineering","0"
"1465433","User details not getting populated for users added to project and not invited to at least one of the contracts","MW Platform 2.0","Done","Apr-26","07-Apr-2026","","0"
"1465526","Report data discrepancy in 'Project-based User Access Details' template","MW Platform 2.0","Done","Apr-26","07-Apr-2026","","0"
"1466139","Project level details from 'Manage User Membership' not getting populated in ARS template","MW Platform 2.0","Done","Apr-26","07-Apr-2026","Product Engineering","0"
"1466143","'Project Details' form data not getting populated in ARS template","MW Platform 2.0","Done","Apr-26","07-Apr-2026","Product Engineering","0"
"1466146","Incorrect data observed for 'Contract Details' columns in ARS template","MW Platform 2.0","Done","Apr-26","07-Apr-2026","Product Engineering","0"
"1467134","Blank data observed for users who are allocated to project but not invited to any contract","MW Platform 2.0","Done","Apr-26","09-Apr-2026","Product Engineering","0"
"1467769","Project and contract details are still displayed for roles with revoked project or contract permissions, respectively, in the ‘Project-Based User Details’ template.","MW Platform 2.0","Done","Apr-26","10-Apr-2026","","0"
"1469042","Extra rows with empty user details and contract details but with project related details visible in 'Project-based User Access Details' template","MW Platform 2.0","Done","Apr-26","15-Apr-2026","","0"
"1471891","Roles not Displayed in Masterworks is shown in ARS Template( ie Aurigo Viewer , SystemAdmintrator)","MW Platform 2.0","Done","Apr-26","23-Apr-2026","Product Engineering","0"
"1472139","Indefinate loading in View Mode ( even to load a single record)","MW Platform 2.0","Done","Apr-26","24-Apr-2026","Product Engineering","0"
"1472570","[Intermittent] Incorrect Row Count Display: Shown Rows Exceed Total Rows","MW Platform 2.0","New","Apr-26","24-Apr-2026","Product Engineering","0"
"1473022","Incorrect Module name getting Displayed for few forms in Template -Roles and Permission","MW Platform 2.0","Done","Apr-26","27-Apr-2026","Product Engineering","0"
"1473387","Same Forms Present in Different Module is coming only once [ Data Lost]","MW Platform 2.0","Done","Apr-26","27-Apr-2026","Product Engineering","0"
"1473498","Build issues for ViewsQA environment","MW Platform 2.0","Done","Apr-26","28-Apr-2026","Product Engineering","0"
"1475608","New Roles Created which are not given any permission is not visible in the template ","MW Platform 2.0","Done","May-26","05-May-2026","Product Engineering","0"
"1475934","Module name is visible with view Access if the child forms are given permissions [ Data Error]","MW Platform 2.0","Done","May-26","05-May-2026","Product Engineering","0"
"1476559","Custom Date Filter Values Reset After Switching from Relative Tab Back to Custom Tab","MW Platform 2.0","Done","May-26","06-May-2026","Product Engineering","0"
"1476606","Incorrect data displayed when one date column filter returns no rows and another date column uses NOT EQUAL filter","MW Platform 2.0","Done","May-26","06-May-2026","","0"
"1476828","Calculated columns data is not visible when in preview when we unhide the column","MW Platform 2.0","Done","May-26","07-May-2026","Product Engineering","0"
"1476831","Column name disappears after deleting and re-adding via 'Add Columns' in the 'Report Columns' panel","MW Platform 2.0","Done","May-26","07-May-2026","Product Engineering","0"
"1476835","Column data missing in ARS after hide->rename->unhide workflow","MW Platform 2.0","Done","May-26","07-May-2026","Product Engineering","0"
"1476994","Time picker incorrectly shown in filters for Date calculated column","MW Platform 2.0","Done","May-26","07-May-2026","Product Engineering","0"
"1477997","View mode loading forever for 'Project based-user access details' and 'User Access Details for Projects and Contracts' template","MW Platform 2.0","Blocked","May-26","11-May-2026","Product Engineering","0"
"1479318","Forecasts not getting created automatically when we add & save Budget Estimate items and navigate to Forecast","MW Platform 2.0","New","May-26","13-May-2026","Product Engineering","0"
"1479331","Budget Item field is present in ARS  but not present in Masterworks site","MW Platform 2.0","New","May-26","13-May-2026","Product Engineering","0"
"1480423","All the Success and error messages are now become a sticky notification which should be manually closed","MW Platform 2.0","Done","May-26","15-May-2026","Product Engineering","0"
"1480950","Observed Column label becomes invisible when scrolling long renamed column name beyond visible bounds","MW Platform 2.0","Done","May-26","19-May-2026","Product Engineering","0"
"1480957","Observed 'Failed to perform action' upon attempt to save renamed columns with max limit","MW Platform 2.0","Done","May-26","19-May-2026","Product Engineering","0"
"1484165","[DATA ISSUE]Child Forms of Project ( Funding Rules , Current Budget Item) has No project code , Name associated for few records","MW Platform 2.0","Done","May-26","28-May-2026","Product Engineering","0"
"1484181","Filtering Workflow Status and Due Date is Leading to Failed to perform Action Error","MW Platform 2.0","Done","May-26","28-May-2026","Product Engineering","0"
"1485792","Filtering issues in ARS report columns","MW Platform 2.0","Done","May-26","29-May-2026","","0"
"1486651","Observed data discrepency upon attempt to add COI form to the combination IP-PP-CD-CI-BEI","MW Platform 2.0","Blocked","Jun-26","01-Jun-2026","Product Engineering","0"
"1486684","Observed data discrepency upon attempt to add CI form to the combination BEI-PP-COI","MW Platform 2.0","Done","Jun-26","01-Jun-2026","Product Engineering","0"
"1486690","'Budget Item' column data is missing for budgeted items","MW Platform 2.0","Cannot Reproduce","Jun-26","01-Jun-2026","Product Engineering","0"
"1486695","Observed 'Failed to perform action' for form/DG level joins","MW Platform 2.0","Done","Jun-26","01-Jun-2026","Product Engineering","0"
"1486700","Observed page irresponsiveness upon attempt to scroll filters in case the number of filters applied exceed the window size","MW Platform 2.0","Done","Jun-26","01-Jun-2026","Product Engineering","0"
"1487516","Incorrect results when Not equal to filter applied with non null value","MW Platform 2.0","New","Jun-26","02-Jun-2026","Product Engineering","0"
"1488421","ARS: TDR Input: Filtered date is showing one day ahead in the downloaded report","MW Platform 2.0","Done","Jun-26","03-Jun-2026","Solution Engineering","1"
"1488867","[Perf Bug]: High Response Time for GetPreviewDataLive after adding related columns from CD, CI, IP and PE on PlannedProject report | 1 user & Concurrency Test","MW Platform 2.0","New","Jun-26","04-Jun-2026","Performance","0"
"1488950","Failed to perform Action error  while adding Budget Estimater Revision Columns","MW Platform 2.0","Done","Jun-26","04-Jun-2026","Product Engineering","0"
"1490895","Incorrect Help Text Displayed for Calculated Column Without Description – Shows 'Calculated Column -' Instead of 'Calculated Column'","MW Platform 2.0","Done","Jun-26","09-Jun-2026","Product Engineering","0"
"1491428","Delete column message need to be updated from columns to column(s)","MW Platform 2.0","Done","Jun-26","11-Jun-2026","Product Engineering","0"
"1491436","Column Deletion error message to be updated from ""x out of x column(s)"" to ""x column(s)""","MW Platform 2.0","Done","Jun-26","11-Jun-2026","Product Engineering","0"
"1491458","""Are you sure you want to delete the selected columns"" is repeated in the header and the body of the Column deletion popup","MW Platform 2.0","Done","Jun-26","11-Jun-2026","Product Engineering","0"
"1491559","Getting extra rows for Submittals when ARS report created with combination PP-CD-Submittals-SP-Transmittals","MW Platform 2.0","Done","Jun-26","11-Jun-2026","Product Engineering","0"
"1491643","'Container' column is empty for items with root container in 'current budget items' form","MW Platform 2.0","Blocked","Jun-26","11-Jun-2026","Product Engineering","0"
"1491728","504 Gateway Time-out error for Join combinations PP-BE-BEI-CI-PE-PO & PP-BE-BEI-CI-PE-Expenses","MW Platform 2.0","Done","Jun-26","11-Jun-2026","Product Engineering","0"
"1491732","Data missing for non-DG entries while DG values populate in case of expense form","MW Platform 2.0","Done","Jun-26","11-Jun-2026","Product Engineering","0"
"1491763","Filter not working when Not Equal applied with filter value as "" "" and then blank space removed","MW Platform 2.0","New","Jun-26","11-Jun-2026","Product Engineering","0"
"1491775","ARS - OOTB Forms with/without customizations | Consolidated Bug Report - Copy","MW Platform 2.0","New","Jun-26","11-Jun-2026","Solution Engineering","1"
"1492571","Getting error when adding Expenses column to this Join combination PP-BE-BEI-CI-PE-PO-POR-Expenses","MW Platform 2.0","Done","Jun-26","15-Jun-2026","Product Engineering","0"
"1492620","Observed data issues upon adding PO for the combination BEI-PP-EX","MW Platform 2.0","Done","Jun-26","15-Jun-2026","Product Engineering","0"
"1493465","Observed 'failed to perform action' for older ARS reports upon attempting to apply filter to aggregated columns with null data","MW Platform 2.0","Done","Jun-26","16-Jun-2026","Product Engineering","0"
"1494639","Column Chart is Failing in Edit Mode after Column Involved is Renamed","MW Platform 2.0","New","Jun-26","16-Jun-2026","Product Management","0"
"1494643","Intermittent: Glitch in Data Loading In Edit Mode on Applying Filters - Loads Twice","MW Platform 2.0","New","Jun-26","16-Jun-2026","Product Management","0"
"1494915","Generic Issue: Issues in ARS Column – Missing $ Symbol and Incorrect Decimal in Export/PDF - Copy","MW Platform 2.0","Done","Jun-26","17-Jun-2026","Solution Engineering","1"
"1495730","Incorrect Item Posting Data in CI-CBI-BE-IP Report","MW Platform 2.0","Done","Jun-26","17-Jun-2026","Product Management","0"
"1497244","ARS - Miscellaneous Expenses - Item details are not fetched in ARS - Copy","MW Platform 2.0","Done","Jun-26","22-Jun-2026","Solution Engineering","1"
"1497303","ARS- Submittals Package/Submittals - Copy","MW Platform 2.0","Done","Jun-26","22-Jun-2026","Solution Engineering","1"
"1511764","Failed to perform Action while Adding PURCHASE Order Revison forms","MW Platform 2.0","Done","Jul-26","07-Jul-2026","Product Engineering","0"
"1511840","ARS API endpoint /ModulesApi/GetRelatedModulesByModuleId","MW Platform 2.0","New","Jul-26","07-Jul-2026","Product Engineering","0"
"1512708","Observed wrong concatenation for 'Hold Payments' column from Pay Estimates","MW Platform 2.0","New","Jul-26","08-Jul-2026","Product Engineering","0"
"1512710","Leading zeros ('0000') incorrectly concatenated for numeric type in calculated VARCHAR columns upon export","MW Platform 2.0","Done","Jul-26","08-Jul-2026","Product Engineering","0"
"1512715","Add Calculated Column not working for Templated ARS reports","MW Platform 2.0","Done","Jul-26","08-Jul-2026","Product Management","0"
"1514508","Incorrect concatenation on columns added through related columns","MW Platform 2.0","Done","Jul-26","13-Jul-2026","Product Engineering","0"
"1515317","[Templates]Aggregation & Rename feature on Calculated column of Template -Project & Cost is leading Failed to perform action","MW Platform 2.0","Done","Jul-26","14-Jul-2026","Product Engineering","0"
"1515378","Column order mismatch in exported reports","MW Platform 2.0","Done","Jul-26","14-Jul-2026","Product Engineering","0"
"1519957","ARS - SetPublishToDashboard endpoint gives server error for invalid report Id.","MW Platform 2.0","New","Jul-26","16-Jul-2026","Product Engineering","0"
"1520030","tt is appearing instead of AM /PM for Date-Time columns when it is last column","MW Platform 2.0","New","Jul-26","16-Jul-2026","Product Engineering","0"
"1521897","Observed 'Failed to Perform Action' for old template reports - Purchase order spends in projects","MW Platform 2.0","Done","Jul-26","21-Jul-2026","Product Engineering","0"
"1522263","ARS>Item Posting> Excel and PDF format shows incorrect value for checkbox fields. - Copy","MW Platform 2.0","Done","Jul-26","22-Jul-2026","Solution Engineering","1"
"1522298","Contract Details data visible even when contract permissions are removed","MW Platform 2.0","Done","Jul-26","22-Jul-2026","Product Engineering","0"
"1523033","User Without Access to All Report Forms Incorrectly Appears in Share Report Search Results","MW Platform 2.0","Done","Jul-26","23-Jul-2026","Product Engineering","0"
"1523316","Shared Report Still Accessible to user through list page and notifications despite form Permissions revoked","MW Platform 2.0","Done","Jul-26","24-Jul-2026","Product Engineering","0"
"1523651","When joining Program with Portfolio, then Project DG & Sub Portfolios DGs data not getting populated","MW Platform 2.0","Done","Jul-26","27-Jul-2026","Product Engineering","0"
"1524343","Report Shared After Re-publish shows Old report Name and Errors Instead of Showing the Latest Published Version","MW Platform 2.0","Done","Jul-26","28-Jul-2026","Product Engineering","0"
"1524728","Module Name is not visible in ARS for  Planned Projects","MW Platform 2.0","New","Jul-26","29-Jul-2026","Product Engineering","0"
"1524751","When Start Date & End Date are same for any project then on project details page, Working Days is 1 but on ARS report Days comes in negative value","MW Platform 2.0","New","Jul-26","29-Jul-2026","Product Engineering","0"
"1524792","Category column filter (text-type) missing ""In"" and ""Not In"" operators","MW Platform 2.0","Done","Jul-26","29-Jul-2026","Product Engineering","0"
"1524845","User Sees Incorrect Empty State Message in Choose Category Dropdown When No Categories Are Configured","MW Platform 2.0","Done","Jul-26","29-Jul-2026","Product Engineering","0"
"1525907","Long Category Names Not Fully Displayed in Delete Popup Message","MW Platform 2.0","Done","Aug-26","03-Aug-2026","Product Engineering","0"
"1526932","Character count limit error expected upon attempting to exceed 128 characters upon category edit","MW Platform 2.0","Done","Aug-26","03-Aug-2026","Automation","0"
"1527965","ARS — Report filter not applied, API returns 500","MW Platform 2.0","Done","Aug-26","04-Aug-2026","Product Engineering","0"
"1528002","[Security Bug]  Malicious Project Name triggers alert in Summary Report","MW Platform 2.0","Done","Aug-26","04-Aug-2026","Product Engineering","0"
"1528106","UI issue observed upon adding filter to 'Category' column in reports list page","MW Platform 2.0","Done","Aug-26","04-Aug-2026","Product Engineering","0"
"1528146","""Clear All"" button appears on Adhoc Reporting list page but is not present in Figma design","MW Platform 2.0","Done","Aug-26","04-Aug-2026","Product Engineering","0"
"1530633","Summary reports load indefinitely in Run mode (Preview works fine)","MW Platform 2.0","Done","Aug-26","11-Aug-2026","Product Engineering","0"
"1530638","Inconsistent null handling between ""In/Not In"" and ""Not Equal"" filters on ARS List page","MW Platform 2.0","Done","Aug-26","11-Aug-2026","Product Engineering","0"
"1531074","Aggregation data missing for 'Unit Price' and 'Quantity' columns corresponding to the combination PP-BEI","MW Platform 2.0","QA in Progress","Aug-26","11-Aug-2026","Product Engineering","0"
"1531081","Blank summary report observed upon attempt to rename column with max length","MW Platform 2.0","QA in Progress","Aug-26","11-Aug-2026","Product Engineering","0"
"1531656","Observed incorrect data with aggregation type - earliest and latest, corresponding to the combination COD-CD-WOR-PP","MW Platform 2.0","Dev Completed","Aug-26","12-Aug-2026","Product Engineering","0"
"1531697","Incorrect data observed in 'Total row' corresponding to text fields","MW Platform 2.0","Dev Completed","Aug-26","12-Aug-2026","Product Engineering","0"
"1532287","incorrect behaviour of 'Count' aggregation with null values","MW Platform 2.0","New","Aug-26","13-Aug-2026","Product Engineering","0"
"1532345","ARS Summary Report with Date Column in Aggregated Values Returns Blank Data When Project Calendar Toggle is Enabled","MW Platform 2.0","Done","Aug-26","13-Aug-2026","Product Engineering","0"
"1532358","Blank summary report observed upon creating report with cod-cd-pp-coi","MW Platform 2.0","QA in Progress","Aug-26","13-Aug-2026","Product Engineering","0"
"1532420","Empty grouping level shows 0 for Count Distinct instead of blank upon aggregation","MW Platform 2.0","Dev in progress","Aug-26","13-Aug-2026","Product Engineering","0"
"1532429","Aggregation (Avg) in Summary Reports exceeds the configured 3-decimal precision set in Settings","MW Platform 2.0","QA in Progress","Aug-26","13-Aug-2026","Product Engineering","0"
"1532842","Report Column pane appears incorrectly when clicked on SAVE -Intermittent","MW Platform 2.0","New","Aug-26","17-Aug-2026","Product Engineering","0"
"1532947","Summary Report UI issues upon renaming and shrink of columns","MW Platform 2.0","Done","Aug-26","17-Aug-2026","Product Engineering","0"
"1532980","Primary column renamed and then same column added from Add related column & then primary column deleted & then getting error while trying to add same primary column from Add column","MW Platform 2.0","Done","Aug-26","17-Aug-2026","Product Engineering","0"
"1533156","Charts are neither getting generated in View mode nor when Run is performed on dashboardQA build","MW Platform 2.0","Done","Aug-26","18-Aug-2026","Product Engineering","0"
"1533503","Column alignment inconsistent between Edit mode and Run/View mode","MW Platform 2.0","Done","Aug-26","18-Aug-2026","Product Engineering","0"
"1533507","EARLIEST/LATEST aggregation issues: date & Date -Time  format differs from Normal report, and aggregation value is not visible","MW Platform 2.0","Dev in progress","Aug-26","18-Aug-2026","Product Engineering","0"
"1533716","Summary reports display no data when Boolean columns are included in the report configuration.","MW Platform 2.0","Done","Aug-26","19-Aug-2026","Product Engineering","0"
"1534944","HTML Markup and Image Tags Displaying as Raw Text in MeetingNotes Field - Should Render Formatted Content and Images","MW Platform 2.0","Approved","Aug-26","20-Aug-2026","Product Engineering","0"
"1535131","System Allows Deletion of Source Column Used in Calculated Column Formula","MW Platform 2.0","New","Aug-26","20-Aug-2026","Product Engineering","0"
"1535172","Summary Report does not refresh calculated column aggregate values after editing the formula; requires manual Hide and Preview to reflect changes","MW Platform 2.0","Done","Aug-26","20-Aug-2026","Product Engineering","0"
"1535200","Count Distinct grand total in Summary Report is calculated across the entire dataset instead of summing the per-group distinct counts","MW Platform 2.0","Approved","Aug-26","20-Aug-2026","Product Engineering","0"
"1535364","Dependent Columns (Strategic Goal & Description) Not Deleted from Report Configuration and Configuration Column When Dynamic Grid/Related Column (Project Name- Planned Projects) is Deleted","MW Platform 2.0","New","Aug-26","21-Aug-2026","Product Engineering","0"
"1535441","[Data Issue] Aggregate Sum of Calculated Column in Summary Report Shows Last Row's Value Instead of True Sum of Detail Records","MW Platform 2.0","New","Aug-26","21-Aug-2026","Product Engineering","0"
"1535456","Format Symbol ($ or %) Not Displayed for Calculated Column in Summary Report, Though It Displays Correctly in Detailed Report","MW Platform 2.0","New","Aug-26","21-Aug-2026","Product Engineering","0"
"1536130","Business Unit column results in error when added in Summary report for PP-Project Needs combination","MW Platform 2.0","New","Aug-26","24-Aug-2026","Product Engineering","0"
"1536676","Summary Report shows blank/empty result when calculated column's formula is edited after a prior format-only edit","MW Platform 2.0","New","Aug-26","25-Aug-2026","Product Engineering","0"
"1536721","Aggregate value for date columns appear for exported summary reports","MW Platform 2.0","New","Aug-26","25-Aug-2026","Product Engineering","0"
"1536725","Formatting for summary reports mismatch with exported reports","MW Platform 2.0","New","Aug-26","25-Aug-2026","Product Engineering","0"
"1536731","$ appended for 'Unit price' column for exported summary reports","MW Platform 2.0","New","Aug-26","25-Aug-2026","","0"
"1537265","Aurigo Masterworks logo/icon gets clipped when a column header has more characters (~118 characters)","MW Platform 2.0","New","Aug-26","27-Aug-2026","Product Engineering","0"
"1537600","[Mapping] Incorrect COI row appearing for CI-COI and viceversa combinations","MW Platform 2.0","New","Aug-26","27-Aug-2026","Product Engineering","0"
"1538154","[ Mapping PBI] Data missing for ""Pay Items (Type-New)"" DG when adding Related Columns from Purchase Order Revision in ARS report","MW Platform 2.0","New","Aug-26","28-Aug-2026","Product Engineering","0"
"1538160","[Broken Functionality]Incorrect placement of table headers and filter/grouping information in ARS report PDF export","MW Platform 2.0","QA in Progress","Aug-26","28-Aug-2026","Product Engineering","0"
"1538443","Rollup/Summary Report – Bold formatting incorrectly applied to all grouping levels instead of only the final rolled-up total (Edit Mode & View Mode)","MW Platform 2.0","New","Aug-26","31-Aug-2026","Product Engineering","0"
"1538448","Rollup/Summary Report PDF Export – Grey background instead of white, and bold formatting applied broadly instead of only to the final total","MW Platform 2.0","New","Aug-26","31-Aug-2026","Product Engineering","0"
"1538462","[Package Management] Date range in package management export for ARS reports returns incorrect/missing results based on selected From-To dates","MW Platform 2.0","New","Aug-26","31-Aug-2026","Product Engineering","0"
"1538468","Aggregation for detailed reports gives rounded off values upon export","MW Platform 2.0","New","Aug-26","31-Aug-2026","Product Engineering","0"
"1538485","Aggregation not appearing for detailed reports in view mode","MW Platform 2.0","New","Aug-26","31-Aug-2026","Product Engineering","0"
"1538490","UI issue observed upon scrolling from charts accordian to ARS in view mode","MW Platform 2.0","New","Aug-26","31-Aug-2026","Product Engineering","0"
"1538491","Group By rows and column headers render blank/empty in Rollup PBI report — occurs (1) briefly after clicking ""Hide"" in edit mode, and (2) persistently in View mode after clicking ""Run""","MW Platform 2.0","New","Aug-26","31-Aug-2026","Product Engineering","0"
"1538556","[Package Management] PDF/Excel export of imported ARS report through Package management does not include Filter, Groupby, Aggregation and Charts","MW Platform 2.0","New","Aug-26","31-Aug-2026","Product Engineering","0"
"1538632","[Package Management] Re-importing an updated ARS report package creates a duplicate report instead of updating the existing imported report","MW Platform 2.0","New","Aug-26","31-Aug-2026","Product Engineering","0"
"1470379","[Generic] Form Builder >> Business Logic: Business Logic [Blockly] is not functioning","MWPRO_Configplus","Done","Apr-26","20-Apr-2026","Product Engineering","0"
"1475426","[Legacy] Client Dynamic Grid – Edit option not enabled in form despite configuration","MWPRO_Configplus","Done","May-26","04-May-2026","Product Engineering","0"
"1477001","[Legacy][Across Forms] Group By: When the user performs a Group By action on the List Page for forms that have workflows associated with them, the grouped column names are modified/changed after a page refresh","MWPRO_Configplus","Done","May-26","07-May-2026","Product Engineering","0"
"1480320","[Legacy] DPR/Item Posting: After Copy and Edit, if the user adds any records to a Data Grid present in the DPR or Item Posting form, they are not retained on Save and Continue","MWPRO_Configplus","Done","May-26","15-May-2026","Product Engineering","0"
"1480999","[Feature] Program: 2 Picker-mapped controls in the Projects Grid cause column headers and grid data to disappear upon record addition","MWPRO_Configplus","Done","May-26","19-May-2026","Product Engineering","0"
"1481916","[Feature] Form Builder: ""Visible If"" condition is not functioning as expected for certain Out-of-the-Box (OOTB) forms","MWPRO_Configplus","Done","May-26","21-May-2026","Product Engineering","0"
"1484191","[Feature] Form Builder: “Visible If” does not work for Multi-Select Drop down in Edit Mode","MWPRO_Configplus","Done","May-26","28-May-2026","Product Engineering","0"
"1488875","[Feature] ASPX Form Configurator: Schedule Template Task Items ASPX Form in-accessible After Adding Controls","MWPRO_Configplus","Done","Jun-26","04-Jun-2026","Product Engineering","0"
"1488929","[Feature] ASPX Form Configurator: Permission Error When Accessing the Form via Settings Navigation","MWPRO_Configplus","Done","Jun-26","04-Jun-2026","Product Engineering","0"
"1489984","[Generic] Change Order: Change Order form crashes in New/Edit mode","MWPRO_Configplus","Done","Jun-26","08-Jun-2026","Product Engineering","0"
"1490832","[Feature] Notification Scheduler: Few UI issues observed for Notification Scheduler Page","MWPRO_Configplus","Done","Jun-26","09-Jun-2026","Product Engineering","0"
"1491130","[Feature] Notification Scheduler: Emails are not triggering for few forms","MWPRO_Configplus","Done","Jun-26","10-Jun-2026","Product Engineering","0"
"1491546","[Feature] Notification Scheduler: Multiple issues observed for Role Selection drop-down for Recipient Rule Engine","MWPRO_Configplus","Done","Jun-26","11-Jun-2026","Product Engineering","0"
"1491674","[Feature]Excel Import for Planned Projects does not show error log validation message","MWPRO_Configplus","Done","Jun-26","11-Jun-2026","Product Engineering","0"
"1495941","[Feature] ASPX Form Configurator: Work Order Revision Items form is not available in the ASPX Form Configurator list","MWPRO_Configplus","Done","Jun-26","18-Jun-2026","Product Engineering","0"
"1497156","[Legacy]: Form Builder >> Business Logic: Business Logic is not Working for Numeric Controls for Certain Values","MWPRO_Configplus","Done","Jun-26","22-Jun-2026","Product Engineering","0"
"1497795","[Legacy] Notification Scheduler : Mail body Template doesn't show any value for Pay Estimates/Contract Change Order/MOH in Scheduler page even if MBT is added in Library","MWPRO_Configplus","Done","Jun-26","23-Jun-2026","Product Engineering","0"
"1498215","[Generic] Notification Scheduler: Fields are not displayed in the Trigger Rule Builder when the Project Fund List form is selected","MWPRO_Configplus","Done","Jun-26","24-Jun-2026","Product Engineering","0"
"1498384","[Generic] Notification Scheduler: Few UI and configuration issues observed","MWPRO_Configplus","Done","Jun-26","24-Jun-2026","","0"
"1500038","[Feature Sanity] ""User Settings"": ""VisibleIf/RequiredIf"" condition is not functioning as expected","MWPRO_Configplus","Done","Jun-26","26-Jun-2026","Product Engineering","0"
"1503410","[Feature Sanity]ASPX Configurator Page Renders Blank After XML Upload via System Admin for Custom/Additional Fields Configuration","MWPRO_Configplus","Done","Jun-26","29-Jun-2026","Product Engineering","0"
"1505159","[Feature Sanity] Planned Projects/Projects: Excel Import for Projects has to be available OOTB","MWPRO_Configplus","Done","Jun-26","29-Jun-2026","Product Engineering","0"
"1509678","[Generic] ASPX Form Configurator: The tool tip is not displayed, and the description/value associated with the attribute is not shown","MWPRO_Configplus","Done","Jul-26","01-Jul-2026","Product Engineering","0"
"1509740","[Feature Sanity] Planned Projects: Program Year does not populate years when Default Fiscal Year is selected; values appear only after clearing and re-selecting the Fiscal Year field","MWPRO_Configplus","Done","Jul-26","01-Jul-2026","Product Engineering","0"
"1510019","[Feature Sanity] Notification Scheduler: A user assigned to a role that is not part of the project does not receive email notifications for forms that are not part of the project","MWPRO_Configplus","Done","Jul-26","02-Jul-2026","Product Engineering","0"
"1510306","[Legacy] GFL/GFT/PFL/PFT/FR Views: Picker breaks when AutoViews column names contain spaces (e.g., ""Fund Name"", ""Fund Type"" etc)","MWPRO_Configplus","Done","Jul-26","02-Jul-2026","Product Engineering","0"
"1510537","OOTB Grid Audit Columns Do Not Follow Standard Naming Convention","MWPRO_Configplus","New","Jul-26","03-Jul-2026","","0"
"1510834","[No Planning Sanity] Project Excel Import Validation Fails Due to Incorrect Mandatory Fields","MWPRO_Configplus","Done","Jul-26","05-Jul-2026","Product Engineering","0"
"1531050","[Feature] ASPX Form Configurator [Import/Export]: Form crashes in Edit mode when duplicate controls are added in the XML and imported","MWPRO_Configplus","Done","Aug-26","11-Aug-2026","Product Engineering","0"
"1533644","[Feature] Form Builder >> Business Logic: Hierarchy is displayed repeatedly when the Current User Business Unit has multiple child units for the Current User Business Unit(s) resolver","MWPRO_Configplus","Done","Aug-26","19-Aug-2026","Product Engineering","0"
"1534984","[Legacy] ASPX Form Configurator: Success popup does not display the Form Name and Form ID after editing and publishing a form from the List Page","MWPRO_Configplus","Approved","Aug-26","20-Aug-2026","Product Engineering","0"
"1535734","[Legacy] ASPX Form Configurator: Set (Picker with Text Box) control column is not displayed during export, causing import failure","MWPRO_Configplus","Approved","Aug-26","24-Aug-2026","Product Engineering","0"
"1537268","[Legacy] ""Document Properties"": ""UI issues observed for Project and Contract  documents (Properties) post association of Properties""","MWPRO_Configplus","New","Aug-26","27-Aug-2026","","0"
"1463375","Tablet : [DOCMGMT] The document folder structure does not appear when one linked record uploaded through web","Mobile-NexGen-Aurigo-Build","New","Apr-26","01-Apr-2026","Product Engineering","0"
"1463382","Mobile: Resume editing issue in UDOT DPR record","Mobile-NexGen-Aurigo-Build","Done","Apr-26","01-Apr-2026","","0"
"1463426","Mobile: UDOT Weather widget field alignment issue (UI)","Mobile-NexGen-Aurigo-Build","Done","Apr-26","01-Apr-2026","","0"
"1463439","Phone: Auto Rotation to Landscape After Minimizing Video from Full Screen","Mobile-NexGen-Aurigo-Build","Done","Apr-26","01-Apr-2026","Product Engineering","0"
"1463466","Tablet: Aplied filter cleared when creating new record but record showing only with in the filter","Mobile-NexGen-Aurigo-Build","Done","Apr-26","01-Apr-2026","Product Engineering","0"
"1463483","Record getting saved, With Previous date in DPR, as it is pre-filled","Mobile-NexGen-Aurigo-Build","Cannot Reproduce","Apr-26","01-Apr-2026","","0"
"1463498","Phone : Draft error when recovered in offline","Mobile-NexGen-Aurigo-Build","Cannot Reproduce","Apr-26","01-Apr-2026","Product Engineering","0"
"1463547","Eriec | Phone | Owner field is coming empty and  sorting is not working based on owner","Mobile-NexGen-Aurigo-Build","Done","Apr-26","01-Apr-2026","","0"
"1463569","Eriec | Phone | Pull to refresh is not showing on list page when applying My Task or Created by me filter","Mobile-NexGen-Aurigo-Build","Done","Apr-26","01-Apr-2026","","0"
"1463670","Redmond | [Legacy] The ""If Yes, See NPDES LOG"" value missing for already synced records","Mobile-NexGen-Aurigo-Build","Done","Apr-26","01-Apr-2026","","0"
"1463806","Tablet/Mobile: Cancel button is not working in Location toast message","Mobile-NexGen-Aurigo-Build","Done","Apr-26","02-Apr-2026","","0"
"1463826","Tablet : [Amtrak] DueDate control does not allow selecting yesterday's date on Tablet in Amtrak Punch List","Mobile-NexGen-Aurigo-Build","Done","Apr-26","02-Apr-2026","Product Engineering","0"
"1463863","Phone : [Amtrak] Unable to delete dpr record on mobile","Mobile-NexGen-Aurigo-Build","Done","Apr-26","02-Apr-2026","Product Engineering","0"
"1463961","Phone and Tablet: [Amtrak] Due Date Not Updating in Punch List Item Details After Edit","Mobile-NexGen-Aurigo-Build","New","Apr-26","02-Apr-2026","Product Engineering","0"
"1464276","Phone: New record not listed once workflow done from details page without saving the record","Mobile-NexGen-Aurigo-Build","Done","Apr-26","02-Apr-2026","","0"
"1464532","Mobile: Multiple workflows allowed for unsynced records","Mobile-NexGen-Aurigo-Build","Done","Apr-26","03-Apr-2026","","0"
"1464553","Phone: Pull down to refresh not working in offline mode once filter is applied","Mobile-NexGen-Aurigo-Build","New","Apr-26","03-Apr-2026","","0"
"1464568","Phone: Inconsistent sort/filter behavior in offline mode","Mobile-NexGen-Aurigo-Build","Cannot Reproduce","Apr-26","03-Apr-2026","","0"
"1470101","Pendo startSession not being called on Phone app — all visitors tracked as anonymous","Mobile-NexGen-Aurigo-Build","Done","Apr-26","17-Apr-2026","","0"
"1473046","Phone : Item Posting when one record added does not open instantly","Mobile-NexGen-Aurigo-Build","Done","Apr-26","27-Apr-2026","Product Engineering","0"
"1473985","Error message while embedding form is opened","Mobile-NexGen-Aurigo-Build","Done","Apr-26","28-Apr-2026","","0"
"1475887","Deleted Server Records Persist in Offline List and Remain After Entering Error State","Mobile-NexGen-Aurigo-Build","New","May-26","05-May-2026","","0"
"1476544","Tablet: Deleted record is editable when opening from the continue my work","Mobile-NexGen-Aurigo-Build","Done","May-26","06-May-2026","Product Engineering","0"
"1476562","Phone - [Consolidated]AI feature not working as expected","Mobile-NexGen-Aurigo-Build","Done","May-26","06-May-2026","Product Engineering","0"
"1476566","Tablet: Inconsistency between Web and Mobile Add last Item feature When Posted Item marked as completed","Mobile-NexGen-Aurigo-Build","Done","May-26","06-May-2026","Product Engineering","0"
"1476595","Phone - Workflow error message not as per customization","Mobile-NexGen-Aurigo-Build","Done","May-26","06-May-2026","Product Engineering","0"
"1476612","Date of Creation Mismatch Between List Page and Details Page for DPR Records on Erie Build","Mobile-NexGen-Aurigo-Build","Done","May-26","06-May-2026","Product Engineering","0"
"1476823","Tablet: Workflow action is disappear in offline mode","Mobile-NexGen-Aurigo-Build","Done","May-26","07-May-2026","Product Engineering","0"
"1477006","Tablet | Product | Sort applied on Form Name (field) in the Mobile Forms is working incorrectly","Mobile-NexGen-Aurigo-Build","New","May-26","07-May-2026","","0"
"1477047","Phone - Tapped Record gets deleted when custom date range is toggled OFF","Mobile-NexGen-Aurigo-Build","Done","May-26","07-May-2026","Product Engineering","0"
"1477331","AI Summary get regenerated on filtering widgets","Mobile-NexGen-Aurigo-Build","Done","May-26","08-May-2026","","0"
"1477391","Product | Tablet | Rendering Engine Control | TextBox Control without any limit in the forms is not getting synced","Mobile-NexGen-Aurigo-Build","New","May-26","08-May-2026","","0"
"1477407","Phone app blocks opening locally-cached record when offline if list page wasn't refreshed after the record was downloaded","Mobile-NexGen-Aurigo-Build","Done","May-26","08-May-2026","","0"
"1477598","Phone - Credentials Lost on rotating mobile screen to landscape","Mobile-NexGen-Aurigo-Build","Done","May-26","08-May-2026","Product Engineering","0"
"1477986","Phone: Widget attachment count is not updated after adding attachments","Mobile-NexGen-Aurigo-Build","Done","May-26","11-May-2026","","0"
"1478002","UDOT: Weather data not fetched automatically on providing current location","Mobile-NexGen-Aurigo-Build","Done","May-26","11-May-2026","Product Engineering","0"
"1481429","DPR Date shifts by one day on list page post sync","Mobile-NexGen-Aurigo-Build","Done","May-26","20-May-2026","","0"
"1481435","Tab: DPR date defaults to current date instead of entered date in General Details tab","Mobile-NexGen-Aurigo-Build","Cannot Reproduce","May-26","20-May-2026","","0"
"1482268","Tab & Phone: Unable to login with biometrics after app update","Mobile-NexGen-Aurigo-Build","Done","May-26","22-May-2026","","0"
"1482393","Mobile: Sorting on list page is rendering reversed order","Mobile-NexGen-Aurigo-Build","Done","May-26","22-May-2026","Product Engineering","0"
"1482453","Sort order not applied to records after sync on coming back online","Mobile-NexGen-Aurigo-Build","Done","May-26","22-May-2026","Product Engineering","0"
"1482462","Tab: Sort icon missing on column header after creating a new record in offline","Mobile-NexGen-Aurigo-Build","Done","May-26","22-May-2026","Product Engineering","0"
"1484517","Mobile: Server URL not updated on UI after editing and reconnecting","Mobile-NexGen-Aurigo-Build","Done","May-26","29-May-2026","Product Engineering","0"
"1484685","Sort order incorrect in offline mode for records with older DPR dates","Mobile-NexGen-Aurigo-Build","Done","May-26","29-May-2026","","0"
"1486646","Mobile: AI Summary displays incorrect AM/PM for time values","Mobile-NexGen-Aurigo-Build","Done","Jun-26","01-Jun-2026","","0"
"1492873","New Relic – Entity Not Available Error","Mobile-NexGen-Aurigo-Build","Done","Jun-26","15-Jun-2026","","0"
"1497201","Set caption: Not working for any resolver, caption simply disappears","Mobile-NexGen-Aurigo-Build","Done","Jun-26","22-Jun-2026","","0"
"1497202","Contractors and Sub-Contractors are not getting resolved","Mobile-NexGen-Aurigo-Build","Done","Jun-26","22-Jun-2026","","0"
"1497215","Current Company User Id must be resolved to 0, it is getting resolved to ""true""","Mobile-NexGen-Aurigo-Build","Done","Jun-26","22-Jun-2026","","0"
"1497218","For Project Level Form, Several Resolvers not working ContractCode, ContractName, PrimeContractor ,PrimeContractor ID ,Contractors ,Subcontractor, Current User CompanyID","Mobile-NexGen-Aurigo-Build","Done","Jun-26","22-Jun-2026","","0"
"1497219","Contract Lock Status Value incorrect for Project Level Form in mobile","Mobile-NexGen-Aurigo-Build","Done","Jun-26","22-Jun-2026","","0"
"1497255","Auto increment for the Current Date related  resolver is not working","Mobile-NexGen-Aurigo-Build","Done","Jun-26","22-Jun-2026","","0"
"1504805","Attachment mismatch when attachment is deleted the application is killed and operated in edit mode","Mobile-NexGen-Aurigo-Build","Done","Jun-26","29-Jun-2026","","0"
"1507245","Error message temporarily disappears while handling it in the list page (online + offline)","Mobile-NexGen-Aurigo-Build","Done","Jun-26","30-Jun-2026","","0"
"1508303","Search context is cleared after sorting in Picker","Mobile-NexGen-Aurigo-Build","New","Jul-26","01-Jul-2026","","0"
"1510655","Historical data is not downloading first time","Mobile-NexGen-Aurigo-Build","Done","Jul-26","03-Jul-2026","Product Engineering","0"
"1510682","Workflow can be performed on records without filling in mandatory details","Mobile-NexGen-Aurigo-Build","Done","Jul-26","03-Jul-2026","","0"
"1510683","Errored record, when workflow is performed without mandatory details","Mobile-NexGen-Aurigo-Build","Done","Jul-26","03-Jul-2026","","0"
"1510782","Stage Visibility Issue in Phone specfically and some UI distortions in Z Flip Phone","Mobile-NexGen-Aurigo-Build","Done","Jul-26","03-Jul-2026","Product Engineering","0"
"1511001","Tablet Details page crash","Mobile-NexGen-Aurigo-Build","Done","Jul-26","06-Jul-2026","Product Engineering","0"
"1511019","Error Icon disappears and reappears","Mobile-NexGen-Aurigo-Build","Done","Jul-26","06-Jul-2026","Product Engineering","0"
"1511025","tablet some error records never syncing","Mobile-NexGen-Aurigo-Build","Done","Jul-26","06-Jul-2026","Product Engineering","0"
"1511136","Phone and tab | Item posted not available to add","Mobile-NexGen-Aurigo-Build","New","Jul-26","06-Jul-2026","Product Engineering","0"
"1511147","Phone and tab | Item posting customization is not working (devmcon only)","Mobile-NexGen-Aurigo-Build","New","Jul-26","06-Jul-2026","Product Engineering","0"
"1511801","Tablet and Phone | Project Name and Project code is not showing for some records in offline mode on My task","Mobile-NexGen-Aurigo-Build","Done","Jul-26","07-Jul-2026","Product Engineering","0"
"1511858","Tablet | Record opening in view mode after losing the internet immediately","Mobile-NexGen-Aurigo-Build","Done","Jul-26","07-Jul-2026","Product Engineering","0"
"1511943","Phone | Item posting Several filters (Like inspector and created date) is not working  in offline mode","Mobile-NexGen-Aurigo-Build","Done","Jul-26","07-Jul-2026","Product Engineering","0"
"1511946","Tablet and Phone | Forms for which Created date is missing, Downloaded Data not getting refreshed","Mobile-NexGen-Aurigo-Build","Cannot Reproduce","Jul-26","07-Jul-2026","Product Engineering","0"
"1512094","Phone | Sorting result coming in reverse order based on inspector for item posting","Mobile-NexGen-Aurigo-Build","New","Jul-26","07-Jul-2026","Product Engineering","0"
"1512130","TBW [Web Issue]: Response Date field in Internal Discussions is editable in Issue log on Mobile","Mobile-NexGen-Aurigo-Build","Done","Jul-26","07-Jul-2026","","0"
"1512153","UDOT : Tab : Filter gets activated when static pills are selected","Mobile-NexGen-Aurigo-Build","Done","Jul-26","07-Jul-2026","","0"
"1512359","Mobile: User should wait a longer time to enable biometrics if failed to enable multiple times","Mobile-NexGen-Aurigo-Build","New","Jul-26","08-Jul-2026","","0"
"1512690","In Item posting form Remaining Quantity Resets to 0 After Record Sync, Preventing workflow","Mobile-NexGen-Aurigo-Build","Done","Jul-26","08-Jul-2026","","0"
"1512729","Tablet  | Duplicate item posting record is getting created","Mobile-NexGen-Aurigo-Build","Done","Jul-26","08-Jul-2026","Product Engineering","0"
"1512849","Inconsistent: Remaining quantity is turning back 0 while adding a new contract item in web","Mobile-NexGen-Aurigo-Build","Cannot Reproduce","Jul-26","09-Jul-2026","","0"
"1513356","Update Now prompt not displayed on Android when a new app version is published on the Play Store","Mobile-NexGen-Aurigo-Build","New","Jul-26","10-Jul-2026","","0"
"1513380","Tulsa : For the first record and for the first time if we try to perform workflow activity without saving in details page  getting alert","Mobile-NexGen-Aurigo-Build","Done","Jul-26","10-Jul-2026","Solution Engineering","1"
"1521534","[Android Tablet] Numeric field default value (0.0) not cleared on tap","Mobile-NexGen-Aurigo-Build","New","Jul-26","21-Jul-2026","Automation","0"
"1522392","Auto Save - Comment data not persisted after app kill and resume editing","Mobile-NexGen-Aurigo-Build","Done","Jul-26","22-Jul-2026","","0"
"1522395","[Item Posting] Auto Save - Resume Editing does not restore navigation to the previously open drawer","Mobile-NexGen-Aurigo-Build","Done","Jul-26","22-Jul-2026","","0"
"1524860","Tablet: Historical Data download not happening for one specific date","Mobile-NexGen-Aurigo-Build","New","Jul-26","29-Jul-2026","","0"
"1524861","Due date custom range filter only allows past dates instead of future dates","Mobile-NexGen-Aurigo-Build","New","Jul-26","29-Jul-2026","","0"
"1525132","Date Custom Range filter excludes end date in offline mode","Mobile-NexGen-Aurigo-Build","New","Jul-26","30-Jul-2026","","0"
"1525467","Duplicate items getting posted in Item Posting form","Mobile-NexGen-Aurigo-Build","Done","Jul-26","31-Jul-2026","","0"
"1529243","[Mobile App] Sync engine floods GetRecords API on attachment failure / unstable network","Mobile-NexGen-Aurigo-Build","Done","Aug-26","04-Aug-2026","","0"
"1531951","UDOT: Same record can be scanned twice in mobile","Mobile-NexGen-Aurigo-Build","New","Aug-26","13-Aug-2026","","0"
"1531953","UDOT: Record is not editable after scanned","Mobile-NexGen-Aurigo-Build","New","Aug-26","13-Aug-2026","","0"
"1531989","UDOT: Irregular toast message, while scanning the QR","Mobile-NexGen-Aurigo-Build","New","Aug-26","13-Aug-2026","","0"
"1533134","UDOT: Errored record, when user edits the record in offline mode","Mobile-NexGen-Aurigo-Build","New","Aug-26","18-Aug-2026","","0"
"1534946","Incorrect padding in Resume/Discard popup message","Mobile-NexGen-Aurigo-Build","Done","Aug-26","20-Aug-2026","","0"
"1535012","Attachment and Camera options incorrectly displayed in Comments Log drawer","Mobile-NexGen-Aurigo-Build","Done","Aug-26","20-Aug-2026","","0"
"1535128","Comment log opens in Edit mode after resuming an interrupted session","Mobile-NexGen-Aurigo-Build","Done","Aug-26","20-Aug-2026","","0"
"1535348","UDOT: Locally created record, is not editable in offline mode after scan","Mobile-NexGen-Aurigo-Build","New","Aug-26","21-Aug-2026","","0"
"1538319","Android: Document Management allows users to select and upload more than 10 media files","Mobile-NexGen-Aurigo-Build","New","Aug-26","31-Aug-2026","","0"
